level,notation,prefLabel,scopeNote,note
0,A,GENERAL WORKS,,
1,AC1-999,Collections. Series. Collected works,,
2,AC1-195,"Collections of monographs, essays, etc.",,
3,AC1-8,American and English,,
3,AC9-195,Other languages,,
2,AC200,Collections for Jewish readers,,
2,AC801-895,Inaugural and program dissertations,,
2,AC901-995,Pamphlet collections,,
2,AC999,Scrapbooks,,
1,AE1-(90),Encyclopedias,,
2,AE5-(90),By language,,
1,AG2-600,Dictionaries and other general reference works,,
1,AI1-21,Indexes,,
1,AM1-(501),Museums. Collectors and collecting,,
2,AM10-100,By country,,
2,AM111-160,"Museology. Museum methods, technique, etc.",,
2,AM200-(501),Collectors and collecting,,
1,AN,Newspapers,,
1,AP1-(271),Periodicals,,
2,AP101-115,Humorous periodicals,,
2,AP200-230,Juvenile periodicals,,
2,AP(250)-(265),Periodicals for women,,
2,AP(270)-(271),Periodicals for Blacks,,
1,AS1-945,Academies and learned societies,,
2,AS2.5-4,"International associations, congresses, conferences, etc.",,
2,AS11-785,By region or country,,
1,AY10-2001,Yearbooks. Almanacs. Directories,,
2,AY10-29,Annuals,,
2,AY30-1730,Almanacs,,
2,AY2001,Directories,,Class directories by subject in B-Z
1,AZ(20)-999,History of scholarship and learning. The humanities,,
2,AZ101-(181),Philosophy. Theory,,
2,AZ191-193,Evaluation,,
2,AZ200-361,History,,
2,AZ501-908,By region or country,,
0,B,PHILOSOPHY. PSYCHOLOGY. RELIGION,,
1,B1-5802,Philosophy (General),,
2,B69-99,General works,,
2,B108-5802,By period,Including individual philosophers and schools of philosophy,
3,B108-708,Ancient,,
3,B720-765,Medieval,,
3,B770-785,Renaissance,,
3,B790-5802,Modern,,
4,B808-849,Special topics and schools of philosophy,,
4,B850-5739,By region or country,,
4,B5800-5802,By religion,,
1,BC1-199,Logic,,
2,BC11-39,History,,
3,BC25-39,By period,,
2,BC60-99,General works,,
2,BC171-199,Special topics,,
1,BD10-701,Speculative philosophy,,
2,BD10-41,General philosophical works,,
2,BD95-131,Metaphysics,,
2,BD143-237,Epistemology. Theory of knowledge,,
2,BD240-260,Methodology,,
2,BD300-450,Ontology,"Including being, the soul, life, death",
2,BD493-701,Cosmology,"Including teleology, space and time, structure of matter, plurality of worlds",
1,BF1-990,Psychology,,
2,BF38-64,Philosophy. Relation to other topics,,
2,BF173-175.5,Psychoanalysis,,
2,BF176-176.5,Psychological tests and testing,,
2,BF180-198.7,Experimental psychology,,
2,BF203,Gestalt psychology,,
2,BF207-209,Psychotropic drugs and other substances,,
2,BF231-299,Sensation. Aesthesiology,,
2,BF309-499,Consciousness. Cognition,"Including learning, attention, comprehension, memory, imagination, genius, intelligence, thought and thinking, psycholinguistics, mental fatigue",
2,BF501-505,Motivation,,
2,BF511-593,Affection. Feeling. Emotion,,
2,BF608-635,Will. Volition. Choice. Control,,
2,BF636-637,Applied psychology,,
2,BF638-648,"New Thought. Menticulture, etc.",,
2,BF660-685,Comparative psychology. Animal and human psychology,,
2,BF692-692.5,Psychology of sex. Sexual behavior,,
2,BF697-697.5,Differential psychology. Individuality. Self,,
2,BF698-698.9,Personality,,
2,BF699-711,Genetic psychology,,
2,BF712-724.85,Developmental psychology,"Including infant psychology, child psychology, adolescence, adulthood",
2,BF725-727,Class psychology,,
2,BF795-839,Temperament. Character,,
2,BF839.8-885,Physiognomy. Phrenology,,
2,BF889-905,Graphology. Study of handwriting,,
2,BF908-940,The hand. Palmistry,,
1,BF1001-1389,Parapsychology,,
2,BF1001-1045,Psychic research. Psychology of the conscious,,
2,BF1048-1108,Hallucinations. Sleep. Dreaming. Visions,,
2,BF1111-1156,Hypnotism. Suggestion. Mesmerism. Subliminal projection,,
2,BF1161-1171,Telepathy. Mind reading. Thought transference,,
2,BF1228-1389,Spiritualism,"Including mediumship, spirit messages, clairvoyance",
1,BF1404-2055,Occult sciences,,
2,BF1444-1486,Ghosts. Apparitions. Hauntings,,
2,BF1501-1562,Demonology. Satanism. Possession,,
2,BF1562.5-1584,Witchcraft,,
2,BF1585-1623,Magic. Hermetics. Necromancy,,
2,BF1651-1729,Astrology,,
2,BF1745-1779,Oracles. Sibyls. Divinations,,
2,BF1783-1815,Seers. Prophets. Prophecies,,
2,BF1845-1891,Fortune-telling,,
2,BF2050-2055,Human-alien encounters. Contact between humans and extraterrestrials,,
1,BH1-301,Aesthetics,,
2,BH81-208,History,,
2,BH301,Special topics,,
1,BJ1-1725,Ethics,,
2,BJ71-1185,History and general works,Including individual ethical philosophers,
2,BJ1188-1295,Religious ethics,,
2,BJ1298-1335,Evolutionary and genetic ethics,,
2,BJ1365-1385,Positivist ethics,,
2,BJ1388,Socialist ethics,,
2,BJ1390-1390.5,Communist ethics,,
2,BJ1392,Totalitarian ethics,,
2,BJ1395,Feminist ethics,,
2,BJ1518-1697,Individual ethics. Character. Virtue,"Including practical and applied ethics, conduct of life, vices, success, ethics for children",
2,BJ1725,"Ethics of social groups, classes, etc. Professional ethics",,
1,BJ1801-2195,Social usages. Etiquette,,
2,BJ2021-2078,Etiquette of entertaining,,
2,BJ2139-2156,Etiquette of travel,,
2,BJ2195,Telephone etiquette,,
1,BL1-2790,Religions. Mythology. Rationalism,,
2,BL1-50,Religion (General),,
2,BL51-65,Philosophy of religion. Psychology of religion. Religion in relation to other subjects,,
2,BL70-71,Sacred books (General),,
2,BL71.5-73,Biography,,
2,BL74-99,Religions of the world,,
2,BL175-265,Natural theology,,
3,BL175-190,General,,
3,BL200,Theism,,
3,BL205-216,Nature and attributes of Deity,,
3,BL217,Polytheism,,
3,BL218,Dualism,,
3,BL220,Pantheism,,
3,BL221,Monotheism,,
3,BL224-227,Creation. Theory of the earth,,
3,BL239-265,Religion and science,,
2,BL270,Unity and plurality,,
2,BL290,The soul,,
2,BL300-325,The myth. Comparative mythology,,
2,BL350-385,Classification of religions,,
2,BL410,Religions in relation to one another,,
2,BL425-490,Religious doctrines (General),,
3,BL430,Origins of religion,,
3,BL435-457,Nature worship,,
3,BL458,Women in comparative religion,,
3,BL460,Sex worship. Phallicism,,
3,BL465-470,Worship of human beings,,
3,BL473-490,Other,,
2,BL500-547,Eschatology,,
2,BL550-619,Worship. Cultus,,
2,BL624-629.5,Religious life,,
2,BL630-(632.5),Religious organization,,
2,BL660-2680,History and principles of religions,,
3,BL660,Indo-European. Aryan,,
3,BL685,Ural-Altaic,,
3,BL687,Mediterranean region,,
3,BL689-980,European. Occidental,,
4,BL700-820,"Classical (Etruscan, Greek, Roman)",,
4,BL830-875,Germanic and Norse,,
4,BL900-980,Other European,,
3,BL1000-2370,Asian. Oriental,,
4,BL1000-1035,General,,
4,BL1050,Northern and Central Asia,,
4,BL1055,Southern and Eastern Asia,,
4,BL1060,Southwestern Asia. Asia Minor. Levant,,
4,BL1100-1295,Hinduism,,
5,BL1100-1107.5,General,,
5,BL1108.2-1108.7,Religious education,,
5,BL1109.2-1109.7,Antiquities. Archaeology. Inscriptions,,
5,BL1111-1143.2,Sacred books. Sources,,
6,BL1112.2-1137.5,Vedic texts,,
6,BL1140.2-1140.4,Pur~nas,,
6,BL1141.2-1142.6,Tantric texts,,
5,BL1145-1146,Hindu literature,,
5,BL1153.7-1168,By region or country,,
5,BL1212.32-1215,Doctrines. Theology,,
5,BL1216-1225,Hindu pantheon. Deities,,
5,BL1225.2-1243.58,Religious life,,
5,BL1243.72-1243.78,"Monasteries. Temples, etc.",,
5,BL1271.2-1295,Modifications. Sects,,
6,BL1284.5-1289.592,Vaishnavism,,
4,BL1300-1380,Jainism,,
5,BL1310-1314.2,Sacred books. Sources,,
5,BL1315-1317,Jain literature,,
5,BL1375.3-1375.7,Jaina pantheon. Deities,,
5,BL1376-1378.85,Forms of worship,,
5,BL1379-1380,"Modifications, etc.",,
4,BL1500-1590,Zoroastrianism (Mazdeism). Parseeism,,
4,BL1595,Yezidis,,
4,BL1600-1695,Semitic religions,,
5,BL1600-1605,General,,
5,BL1610,Aramean,,
5,BL1615-1616,Sumerian,,
5,BL1620-1625,Assyro-Babylonian,,
5,BL1630,Chaldean,,
5,BL1635,Harranian. Pseudo-Sabian,,
5,BL1640-1645,Syrian. Palestinian. Samaritan,,
5,BL1650,Hebrew,,"For Judaism, see subclass BM"
5,BL1660-1665,"Phoenician. Carthaginian, etc.",,
5,BL1670-1672,Canaanite,,
5,BL1675,Moabite. Philistine,,
5,BL1680-1685,Arabian (except Islam),,
5,BL1695,Druses,,
4,BL1710,Ethiopian,,
4,BL1750-2350,By region or country,,
5,BL1790-1975,China,,
6,BL1830-1883,Confucianism,,
6,BL1899-1942.85,Taoism,,
5,BL2000-2032,India,,
6,BL2017-2018.7,Sikhism,,
5,BL2195-2228,Japan,,
6,BL2216-2227.8,Shinto,,
5,BL2230-2240,Korea,,
3,BL2390-2490,African,,
4,BL2420-2460,Egyptian,,
3,BL2500-2592,American,,"For American Indians, see classes E-F"
3,BL2600-2630,Pacific Ocean islands. Oceania,,
3,BL2670,Arctic regions,,
2,BL2700-2790,Rationalism,,
1,BM1-990,Judaism,,
2,BM1-449,General,,
3,BM70-135,Study and teaching,,
3,BM150-449,History,,
4,BM201-449,By region or country,,
2,BM480-488.8,Pre-Talmudic Jewish literature (non-Biblical),,
2,BM495-532,Sources of Jewish religion. Rabbinical literature,,
3,BM497-509,Talmudic literature,,
4,BM497-497.8,Mishnah,,
4,BM498-498.8,Palestinian Talmud,,
4,BM499-504.7,Babylonian Talmud,,
4,BM507-507.5,Baraita,,
4,BM508-508.5,Tosefta,,
3,BM510-518,Midrash,,
3,BM520-523.7,Halacha,,
3,BM525-526,Cabala,,
3,BM529,Jewish tradition,,
2,BM534-538,Relation of Judaism to special subject fields,,
3,BM534-536,Religions,,
2,BM545-582,Principles of Judaism (General),,
2,BM585-585.4,Controversial works against the Jews,,
2,BM590-591,Jewish works against Christianity and Islam,,
2,BM600-645,Dogmatic Judaism,,
2,BM646,"Heresy, heresies",,
2,BM648,Apologetics,,
2,BM650-747,Practical Judaism,,
3,BM651-652.7,"Priests, rabbis, etc.",,
3,BM653-653.7,Congregations. Synagogues,,
3,BM654-655.6,The tabernacle. The temple,,
3,BM656-657,Forms of worship,,
3,BM660-679,Liturgy and ritual,,
3,BM690-695,Festivals and fasts,,
3,BM700-720,Rites and customs,,
3,BM723-729,Jewish way of life. Spiritual life. Mysticism. Personal religion. Moral theology,,
3,BM730-747,Preaching. Homiletics,,
2,BM750-755,Biography,,
2,BM900-990,Samaritans,,
1,BP1-610,"Islam. Bahai Faith. Theosophy, etc.",,
2,BP1-253,Islam,,
3,BP1-68,General,,
4,BP42-48,Study and teaching,,
4,BP50-68,History,,
3,BP70-80,Biography,,
4,BP75-77.75,"Muhammad, Prophet, d. 632",,
3,BP87-89,Islamic literature,,
3,BP100-(157),Sacred books,,
4,BP100-134,Koran,,
5,BP128.15-129.83,Special parts and chapters,,
5,BP130-134,Works about the Koran,,
4,BP135-136.9,Hadith literature. Traditions. Sunna,,
4,BP137-137.5,Koranic and other Islamic legends,,
3,BP160-165,General works on Islam,,
3,BP165.5,Dogma (>Aq~=id),,
3,BP166-166.94,Theology (Kal~m),,
3,BP167.5,"Heresy, heresies, heretics",,
3,BP168,Apostasy from Islam,,
3,BP169,Works against Islam and the Koran,,
3,BP170,Works in defense of Islam. Islamic apologetics,,
3,BP170.2,"Benevolent work. Social work. Welfare work, etc.",,
3,BP170.3-170.5,Missionary work of Islam,,
3,BP171-173,Relation of Islam to other religions,,
3,BP173.25-173.45,Islamic sociology,,
3,BP174-190,The practice of Islam,,
4,BP176-181,The five duties of a Moslem. Pillars of Islam,,
4,BP182,Jihad (Holy War),,
4,BP184-184.9,"Religious ceremonies, rites, etc.",,
4,BP186-186.97,"Special days and seasons, fasts, feasts, festivals, etc. Relics",,
4,BP187-187.9,"Shrines, sacred places, etc.",,
4,BP188-190,Islamic religious life,,
5,BP188.2-188.3,Devotional literature,,
5,BP188.45-189.65,Sufism. Mysticism. Dervishes,,
5,BP189.68-189.7,Monasticism,,
3,BP191-253,"Branches, sects, etc.",,
4,BP192-194.9,Shiites,,
4,BP221-223,Black Muslims,,
4,BP232,Moorish Science Temple of America,,
4,BP251-253,Nurculuk,,
2,BP300-395,Bahai Faith,,
2,BP500-585,Theosophy,,
2,BP595-597,Anthroposophy,,
2,BP600-610,Other beliefs and movements,,
1,BQ1-9800,Buddhism,,
2,BQ1-10,Periodicals. Yearbooks (General),,
2,BQ12-93,"Societies, councils, associations, clubs, etc.",,
2,BQ96-99,Financial institutions. Trusts,,
2,BQ100-102,Congresses. Conferences (General),,
2,BQ104-105,Directories (General),,
2,BQ107-109,Museums. Exhibitions,,
2,BQ115-126,General collections. Collected works,,
2,BQ128,Encyclopedias (General),,
2,BQ130,Dictionaries (General),,
2,BQ133,Terminology,,
2,BQ135,Questions and answers. Maxims (General),,
2,BQ141-209,Religious education (General),,
2,BQ210-219,Research,,
2,BQ221-249,Antiquities. Archaeology,,
3,BQ240-244,Literary discoveries,,
3,BQ246-249,"Inscriptions, etc.",,
2,BQ251-799,History,,
2,BQ800-829,Persecutions,,
2,BQ840-999,Biography,,
3,BQ840-858,Collective,,
3,BQ860-999,Individual,,
4,BQ860-939,Gautama Buddha,,
4,BQ940-999,Other,,
2,BQ1001-1045,Buddhist literature,,
2,BQ1100-3340,Tripitaka (Canonical literature),,
2,BQ4000-4060,General works,,
2,BQ4061-4570,Doctrinal and systematic Buddhism,,
3,BQ4180-4565,Special doctrines,,
3,BQ4570,Special topics and relations to special subjects,,
2,BQ4600-4610,Relation to other religious and philosophical systems,,
2,BQ4620-4905,Buddhist pantheon,,
2,BQ4911-5720,Practice of Buddhism. Forms of worship,,
3,BQ4965-5030,Ceremonies and rites. Ceremonial rules,,
3,BQ5035-5065,Hymns. Chants. Recitations,,
3,BQ5070-5075,"Altar, liturgical objects, ornaments, memorials, etc.",,
3,BQ5080-5085,"Vestments, altar cloths, etc.",,
3,BQ5090-5095,Liturgical functions,,
3,BQ5100-5125,Symbols and symbolism,,
3,BQ5130-5137,Temple. Temple organization,,
3,BQ5140-5355,Buddhist ministry. Priesthood. Organization,,
4,BQ5251-5305,Education and training,,
4,BQ5310-5350,Preaching,,
3,BQ5360-5680,Religious life,,
4,BQ5485-5530,Precepts for laymen,,
4,BQ5535-5594,Devotional literature. Meditations. Prayers,,
4,BQ5595-5633,Devotion. Meditation. Prayer,,
4,BQ5635-5675,Spiritual life. Mysticism. Englightenment. Perfection,,
3,BQ5700-5720,Festivals. Days and seasons,,
3,BQ5725-5845,Folklore,,
4,BQ5821-5845,Miracle literature,,
3,BQ5851-5899,"Benevolent work. Social work. Welfare work, etc.",,
3,BQ5901-5975,Missionary work,,
3,BQ6001-6160,Monasticism and monastic life Samgha (Order),,
3,BQ6200-6240,Asceticism. Hermits. Wayfaring life,,
3,BQ6300-6388,Monasteries. Temples. Shrines. Sites,,
3,BQ6400-6495,Pilgrims and pilgrimages,,
3,BQ7001-9800,"Modifications, schools, etc.",,
4,BQ7100-7285,Therav~da (Hinayana) Buddhism,,
4,BQ7300-7529,Mahayana Buddhism,,
4,BQ7530-7950,Tibetan Buddhism (Lamaism),,
4,BQ7960-7989,Bonpo (Sect),,
4,BQ8000-9800,"Special modifications, sects, etc.",,
5,BQ8500-8769,Pure Land Buddhism,,
5,BQ8900-9099,Tantric Buddhism,,
5,BQ9250-9519,Zen Buddhism,,
1,BR1-1725,Christianity,,
2,BR60-67,"Early Christian literature. Fathers of the Church, etc.",,
2,BR115,Christianity in relation to special subjects,,
2,BR130-133.5,Christian antiquities. Archaeology. Museums,,
2,BR140-1510,History,,
3,BR160-481,By period,,
4,BR160-275,Early and medieval,,
4,BR280,Renaissance. Renaissance and Reformation,,
4,BR290-481,Modern period,,
5,BR323.5-334.2,"Luther, Martin",,
3,BR500-1510,By region or country,,
2,BR1600-1609,Persecution. Martyrs,,
2,BR1609.5,Dissent,,
2,BR1610,Tolerance and toleration,,
2,BR1615-1617,Liberalism,,
2,BR1620,Sacrilege (History),,
2,BR1690-1725,Biography,,
1,BS1-2970,The Bible,,
2,BS11-115,Early versions,,
2,BS125-355,Modern texts and versions,,
3,BS125-198,English,,
3,BS199-313,Other European languages,,
3,BS315-355,Non-European languages,,
4,BS315,Asian languages,,
4,BS325,African languages,,
4,BS335,Languages of Oceania and Australasia,,
4,BS345,American Indian languages,,
4,BS350,Mixed languages,,
4,BS355,Artificial languages,,
2,BS410-680,Works about the Bible,,
3,BS500-534.8,Criticism and interpretation,,
3,BS535-537,The Bible as literature,,
3,BS546-558,Bible stories. Paraphrases of Bible stories. The Bible story,,
3,BS569-580,"Men, women, and children of the Bible",,
4,BS580,Individual Old Testament characters,,
3,BS585-613,Study and teaching,,
3,BS647-649,Prophecy,,
3,BS650-667,Bible and science,,
3,BS670-672,Bible and social sciences,,
2,BS701-1830,Old Testament,,
3,BS705-815,Early versions,,
3,BS825-1013,Modern texts and versions,,
3,BS1091-1099,Selections. Quotations,,
3,BS1110-1199,Works about the Old Testament,,
4,BS1160-1191.5,Criticism and interpretation,,
3,BS1200-1830,Special parts of the Old Testament,,
2,BS1901-2970,New Testament,,
3,BS1937-2020,Early texts and versions,,
3,BS2025-2213,Modern texts and versions,,
3,BS2260-2269,Selections. Quotations,,
3,BS2280-2545,Works about the New Testament,,
4,BS2350-2393,Criticism and interpretation,,
4,BS2415-2417,The teachings of Jesus,,
4,BS2430-2520,"Men, women, and children of the New Testament",,
4,BS2525-2544,Study and teaching,,
3,BS2547-2970,Special parts of the New Testament,,
4,BS2640-2765.6,Epistles of Paul,,
1,BT10-1480,Doctrinal Theology,,
2,BT19-37,Doctrine and dogma,,
2,BT93-93.6,Judaism,,
2,BT95-97.2,Divine law. Moral government,,
2,BT98-180,God,,
3,BT109-115,Doctrine of the Trinity,,
3,BT117-123,Holy Spirit. The Paraclete,,
3,BT126-127.5,Revelation,,
3,BT130-153,Divine attributes,,
2,BT198-590,Christology,,
3,BT296-500,Life of Christ,,
3,BT580,"Miracles. Apparitions. Shrines, sanctuaries, images, processions, etc.",,
3,BT587,Relics,,
2,BT595-680,"Mary, Mother of Jesus Christ. Mariology",,
3,BT650-660,"Miracles. Apparitions. Shrines, sanctuaries, images, processions, etc.",,
2,BT695-749,Creation,,
2,BT750-811,Salvation. Soteriology,,
2,BT819-891,Eschatology. Last things,,
2,BT899-940,Future state. Future life,,
2,BT960-985,"Invisible world (saints, demons, etc.)",,
2,BT990-1010,"Creeds, confessions, covenants, etc.",,
2,BT1029-1040,Catechisms,,
2,BT1095-1255,Apologetics. Evidences of Christianity,,
2,BT1313-1480,History of specific doctrines and movements. Heresies and schisms,,
1,BV1-5099,Practical Theology,,
2,BV5-530,Worship (Public and private),,
3,BV30-135,Times and seasons. The Church year,,
4,BV43-64,Feast days,,
4,BV65-70,Saints= days,,
4,BV80-105,Fasts,,
4,BV107-133,Lord=s Day. Sunday. Sabbath,,
3,BV150-168,Christian symbols and symbolism,,
3,BV169-199,Liturgy and ritual,,
3,BV200,Family worship,,
3,BV205-287,Prayer,,
3,BV301-530,Hymnology,,
4,BV360-465,Denominational and special types of hymnbooks in English,,
4,BV467-510,Hymns in languages other than English,,
2,BV590-1652,Ecclesiastical theology,,
3,BV598-603,The Church,,
3,BV629-631,Church and state,,
3,BV637-637.5,City churches,,
3,BV638-638.8,The rural church. The church and country life,,
3,BV646-651,Church polity,,
3,BV652-652.9,Church management. Efficiency,,
3,BV652.95-657,Mass media and telecommunication in religion,,
3,BV659-683,Ministry. Clergy. Religious vocations,,
3,BV700-707,Parish. Congregation. The local church,,
3,BV770-777,Church finance. Church property,,
3,BV800-873,Sacraments. Ordinances,,
4,BV803-814,Baptism,,
4,BV823-828,Holy Communion. Lord=s Supper. Eucharist,,
4,BV835-838,Marriage,,
4,BV840-850,Penance,,
3,BV895-896,Shrines. Holy places,,
3,BV900-1450,"Religious societies, associations, etc.",,
4,BV950-1280,"Religious societies of men, brotherhoods, etc.",,
5,BV1000-1220,Young Men=s Christian Associations,,
4,BV1300-1395,Religious societies of women,,
5,BV1300-1393,Young Women=s Christian Associations,,
3,BV1460-1615,Religious education (General),,
3,BV1620-1652,"Social life, recreation, etc., in the church",,
2,BV2000-3705,Missions,,
3,BV2123-2595,Special churches,,
4,BV2130-2300,Roman Catholic Church,,
4,BV2350-2595,Protestant churches,,
3,BV2610-2695,Special types of missions,,
3,BV2750-3695,Missions in individual countries,,
2,BV3750-3799,Evangelism. Revivals,,
2,BV4000-4470,Pastoral theology,,
3,BV4019-4180,Education,,
4,BV4019-4167,Training for the ordained ministry,,
4,BV4168-4180,Training for lay workers,,
3,BV4200-4317,Preaching. Homiletics,,
4,BV4239-4317,Sermons,,
3,BV4390-4399,Personal life of the clergy,,
3,BV4400-4470,Practical church work. Social work. Work of the layman,,
2,BV4485-5099,Practical religion. The Christian life,,
3,BV4520-4526.2,Religious duties,,
3,BV4625-4780,Moral theology,,
4,BV4625-4627,Sins and vices,,
4,BV4630-4647,Virtues,,
4,BV4650-4715,Precepts from the Bible,,
4,BV4720-4780,Precepts of the Church. Commandments of the Church,,
3,BV4800-4897,Works of meditation and devotion,,
3,BV4900-4911,Works of consolation and cheer,,
3,BV4912-4950,Conversion literature,,
3,BV5015-5068,Asceticism,,
3,BV5070-5095,Mysticism,,
3,BV5099,Quietism,,
1,BX1-9999,Christian Denominations,,
2,BX1-9.5,Church unity. Ecumenical movement. Interdenominational cooperation,,
2,BX100-189,Eastern churches. Oriental churches,,
3,BX100-107,General,,
3,BX120-129,Armenian Church,,
3,BX130-139,Coptic Church,,
3,BX140-149,Ethiopic or Abyssinian Church,,
3,BX150-159,"Nestorian, Chaldean, or East Syrian Church",,
3,BX160-169,St. Thomas Christians. Malabar Christians. Mar Thoma Syrian Church,,
3,BX170-179,Syrian or Jacobite Church,,
3,BX180-189,Maronite Church,,
2,BX200-756,Orthodox Eastern Church,,
3,BX200-395,General,,
3,BX400-756,Divisions of the church,,
4,BX400-440,Patriarchates of the East. Melchites,,
4,BX450-450.93,Church of Cyprus,,
4,BX460-605,Russian Church,,
4,BX610-620,Church of Greece,,
4,BX630-639,Orthodox Church in Austria and Hungary,,
4,BX650-659,Bulgarian Church,,
4,BX660-669,Georgian Church,,
4,BX670-679,Montenegrin Church,,
4,BX690-699,Romanian Church,,
4,BX710-719,Serbian Church. Yugoslav Church,,
4,BX720-729,"Orthodox Eastern Church, Macedonian",,
4,BX729.5,"Orthodox Eastern Church, Ukrainian",,
4,BX729.9-755,Orthodox Church in other regions or countries,,
2,BX800-4795,Catholic Church,,
3,BX800-839,"Periodicals. Societies, councils, congresses, etc.",,
3,BX840,Museums. Exhibitions,,
3,BX841,Dictionaries. Encyclopedias,,
3,BX845,Directories. Yearbooks,,
3,BX847,Atlases,,
3,BX850-875,Documents,,
3,BX880-891,General collected works,,
3,BX895-939,Study and teaching,,
3,BX940-1745,History,Including lives of popes,
3,BX1746-1755,Theology. Doctrine. Dogmatics,,
3,BX1756,Sermons,,
3,BX1760-1779.5,Controversial works,,
3,BX1781-1788,Catholic Church and other churches,,
3,BX1790-1793,Catholic Church and the state,,
3,BX1800-1920,Government and organization,,
3,BX1958-1968,Creeds and catechisms,,
3,BX1969,Forms of worship. Catholic practice,,
3,BX1970-2175,Liturgy and ritual,,
4,BX2050-2175,Prayers and devotions,,
3,BX2177-2198,"Meditations. Devotional readings. Spiritual exercises, etc.",,
3,BX2200-2292,Sacraments,,
3,BX2295-2310,Sacramentals,,
3,BX2312,Images,,
3,BX2315-2324,Relics. Shrines. Pilgrimages. Processions,,
3,BX2325-2333,Saints. Hagiology,,
3,BX2347-2377,Practical religion. Christian life,,
3,BX2380-2386,Religious life. Religious state,,
3,BX2400-4563,Monasticism. Religious orders,,
4,BX2890-4192,Religious orders of men,,
4,BX4200-4563,Religious orders of women,,
3,BX4600-4644,"Churches, cathedrals, abbeys (as parish churches), etc.",,
3,BX4650-4705,Biography and portraits,,
4,BX4650-4698,Collective,,
5,BX4654-4662,Saints and martyrs,,
4,BX4700-4705,Individual,,
5,BX4700,Saints,,
3,BX4710.1-4715.95,Eastern churches in communion with Rome. Catholics of the Oriental rites. Uniats,,
3,BX4716.4-4795,Dissenting sects other than Protestant,,
4,BX4718.5-4735,Jansenists,,
4,BX4737,French schisms of the 19th century,,
4,BX4740,German Catholics,,
4,BX4751-4793,Old Catholics,,
4,BX4793.5-4794.25,Independent Catholic Churches,,
4,BX4795,Other,,
2,BX4800-9999,Protestantism,,
3,BX4800-4861,General,,
3,BX4872-4924,Pre-Reformation,,
4,BX4872-4893,Waldenses and Albigenses,,
4,BX4900-4906,Lollards. Wycliffites,,
4,BX4913-4924,Hussites,,
5,BX4920-4924,Bohemian Brethren,,
3,BX4929-4951,Post-Reformation,,
4,BX4929-4946,Anabaptists,,
4,BX4950-4951,Plain People,,
3,BX5001-5009,Anglican Communion (General),,
3,BX5011-5207,Church of England,,
4,BX5011-5050,General,,
4,BX5051-5110,History. Local divisions,,
4,BX5115-5126,Special parties and movements,,
4,BX5127-5129.8,Church of England and other churches,,
4,BX5130-5132,General,,
4,BX5133,Sermons. Tracts. Addresses. Essays,,
4,BX5135-5136,Controversial works,,
4,BX5137-5139,"Creeds and catechisms, etc.",,
4,BX5140.5-5147,Liturgy and ritual,,
4,BX5148-5149,Sacraments,,
4,BX5150-5182.5,Government. Organization. Discipline,,
4,BX5183-5187,Religious communities. Conventual life. Religious societies,,
4,BX5194-5195,"Cathedrals, churches, etc. in England and Wales",,
4,BX5197-5199,Biography,,
4,BX5200-5207,Dissent and nonconformity,,
4,BX5210-5395,Episcopal Church in Scotland,,
4,BX5410-5595,Church of Ireland,,
4,BX5596-5598,Church in Wales,,
4,BX5600-5740,Church of England outside of Great Britain,,
5,BX5601-5620,Anglican Church of Canada,,
3,BX5800-5995,Protestant Episcopal Church in the United States of America,,
3,BX5996-6030,Protestant Episcopal Church outside the United States,,
3,BX6051-6093,Reformed Episcopal Church,,
3,BX6101-9999,Other Protestant denominations,"Alphabetical; only larger denominations listed The subarrangement is essentially the same for each sect, the primary features being indicated by way of example under Baptists",
4,BX6101-6193,Adventists. AMillerites@,,
4,BX6195-6197,Arminians. Remonstrants,,
4,BX6201-6495,Baptists,,
5,BX6201-6227,General,,
5,BX6231-6328,History. Local divisions,,
5,BX6329,Baptists and other churches,,
5,BX6330-6331.2,Doctrine,,
5,BX6333,Sermons. Tracts,,
5,BX6334,Controversial works,,
5,BX6335-6336,Creeds. Catechisms,,
5,BX6337,Service. Ritual. Liturgy,,
5,BX6338-6339,Sacraments,,
5,BX6340-6346.3,Government. Discipline,,
5,BX6349-6470,Individual branches,,
5,BX6480-6490,Individual Baptist churches,,
5,BX6493-6495,Biography,,
4,BX6551-6593,Catholic Apostolic Church. Irvingites,,
4,BX6651-6693,Christadelphians. Brothers of Christ,,
4,BX6751-6793,Christian Church,,See also Disciples of Christ
4,BX6801-6843,Christian Reformed Church,,
4,BX6901-6997,Christian Science,,
4,BX7003,Christian Union,,
4,BX7020-7060,Church of God,,
4,BX7079-7097,Churches of God,,
4,BX7101-7260,Congregationalism,,
4,BX7301-7343,Disciples of Christ. Campbellites,,
4,BX7401-7430,Dowieism. Christian Catholic Church,,
4,BX7451-7493,Evangelical and Reformed Church,,
4,BX7556,Evangelical United Brethren Church,,
4,BX7580-7583,Free Congregations (Germany). Freie Gemeinden,,
4,BX7601-7795,Friends. Society of Friends. Quakers,,
4,BX7801-7843,German Baptist Brethren. Church of the Brethren. Dunkards,,
4,BX7850-7865,German Evangelical Protestant Church of North America. Evangelical Protestant Church of North America,,
4,BX7901-7943,German Evangelical Synod of North America,,
4,BX7990.H6-.H69,Holiness churches,,
4,BX8001-8080,Lutheran churches,,
4,BX8101-8144,Mennonites,,
4,BX8201-8495,Methodism,,
4,BX8525-8528,Millennial Dawnists. Jehovah=s Witnesses,,
4,BX8551-8593,Moravian Church. United Brethren. Unitas Fratrum. Herrnhuters,,
4,BX8601-8695,Mormons. Church of Jesus Christ of Latter-Day Saints,,
4,BX8701-8749,New Jerusalem Church. New Church. Swedenborgianism,,
4,BX8762-8785,Pentecostal churches,,
4,BX8799-8809,Plymouth Brethren. Darbyites,,
4,BX8901-9225,Presbyterianism. Calvinistic Methodism,,
4,BX9301-9359,Puritanism,,
4,BX9401-9640,Reformed or Calvinistic Churches,,
4,BX9675,River Brethren. Brethren in Christ,,
4,BX9701-9743,Salvation Army,,
4,BX9751-9793,Shakers. United Society of Believers. Millennial Church,,
4,BX9801-9869,Unitarianism,,
4,BX9875-9877.1,United Brethren in Christ. Church of the United Brethren in Christ,,
4,BX9881-9882.95,United Church of Canada,,
4,BX9884-9886,United Church of Christ,,
4,BX9887,United Evangelical Church,,
4,BX9889,United Missionary Church,,
4,BX9901-9969,Unviersalism. Universalists,,
4,BX9975,Volunteers of America,,
4,BX9980,Walloon Church,,
4,BX9998,Other beliefs and movements akin to Christianity,,
4,BX9999,"Independent churches, parishes, societies, etc.",,
0,C,AUXILIARY SCIENCES OF HISTORY,,
1,C1-51,Auxiliary Sciences of History (General),,
1,CB3-482,History of Civilization,,
2,CB156,Terrestrial evidence of interplanetary voyages,,
2,CB158-161,Forecasts of future progress,,
2,CB195-281,Civilization and race,,
2,CB305-430,By period,,
2,CB440-482,Relation to special topics,,
3,CB450,Geography and civilization,,
3,CB478,Technology,,
3,CB481,War and civilization,,
3,CB482,Water and civilization,,
1,CC1-960,Archaeology,,
2,CC72-81,Philosophy. Theory,,
3,CC73-81,Methodology,,
2,CC83-97,Study and teaching. Research,,
2,CC135-137,"Preservation, restoration, and conservation of antiquities. Antiquities and state",,
2,CC140,Forgeries of antiquities,,
2,CC200-260,Bells. Campanology. Cowbells,,
2,CC300-350,Crosses,,
2,CC600-605,Boundary stones,,
2,CC700-705,"Stone heaps, cairns, etc., of unknown purpose",,
2,CC710,Hill figures,,
2,CC960,Lanterns of the dead,,
1,CD1-6471,Diplomatics. Archives. Seals,,
2,CD1-511,Diplomatics,,
3,CD70-79,Practice of special chancelleries,,
3,CD80-81,Formularies,,
3,CD87,Forgeries of documents,,
3,CD91-392,"Collection of documents, facsimiles, etc., for study",,
3,CD501-511,Study and teaching,,
2,CD921-4280,Archives,,
3,CD995-4280,History and statistics,,
4,CD997,Biography of archivists,,
4,CD1000-4280,By region or country,,
2,CD5001-6471,Seals,,
3,CD5191,Iconography,,
3,CD5201-5391,Ancient,,
3,CD5501-5557,Medieval,,
3,CD5561,Renaissance,,
3,CD5575-6471,Modern,,
1,CE1-97,Technical Chronology. Calendar,,
2,CE21-46,Ancient,,
2,CE51-85,Medieval and modern,,
2,CE91-92,"Perpetual calendars. Century calendars, etc.",,
1,CJ1-6661,Numismatics,,
2,CJ1-4625,Coins,,
3,CJ153,Finds of coins,,
3,CJ161,"Symbols, devices, etc.",,
3,CJ201-1397,Ancient,,
3,CJ1509-4625,Medieval and modern,,
2,CJ4801-5450,Tokens,,
3,CJ4861-4889,By period,,
3,CJ4901-5336,By region or country,,
3,CJ5350-5450,Special uses of tokens,,
2,CJ5501-6661,Medals and medallions,,
3,CJ5581-5690,Ancient,,
3,CJ5723-5793,Medieval and modern,,
3,CJ5795-6661,By region or country,,
1,CN1-1355,Inscriptions. Epigraphy,,
2,CN120-740,Ancient inscriptions,,
2,CN750-753,Early Christian inscriptions,,
2,CN755,Medieval inscriptions (General),,
2,CN760,Modern inscriptions (General),,
2,CN805-865,By language,,
2,CN870-1355,By region or country,,
1,CR1-6305,Heraldry,,
2,CR51-79,"Crests, monograms, devices, badges, mottoes, etc.",,
2,CR91-93,Shields and supporters,,
2,CR101-115,"Flags, banners, and standards",,
2,CR191-1020,Public and official heraldry,,
2,CR1101-1131,Ecclesiastical and sacred heraldry,,
2,CR1179-3395,Family heraldry,,
2,CR3499-4420,"Titles of honor, rank, precedence, etc.",,
2,CR4480-4485,"Royalty. Insignia. Regalia, crown and coronets, etc.",,
2,CR4501-6305,"Chivalry and knighthood (Orders, decorations, etc.)",,
3,CR4547-4553,"Ceremonials, pageants, tournaments, etc.",,
3,CR4571-4595,Duels and dueling,,
3,CR4651-6305,"Orders, etc.",,
1,CS1-3090,Genealogy,,
2,CS23-35,"Genealogical lists, etc., covering more than one country or continent",,
2,CS38-39,Family history covering more than one country,,
2,CS42-2209,By region or country,,
2,CS2300-3090,Personal and family names,,
1,CT21-9999,Biography,,
2,CT21-22,Biography as an art or literary form,,
2,CT31-83,History of biographical literature. Lives of biographers,,
2,CT93-206,General collective biography,,
3,CT206,Portraits,,
2,CT210-3150,National biography,,
2,CT3200-9999,Biography. By subject,,
3,CT3200-3830,Biography of women (Collective),,
3,CT3990,Academicians. Scholars. Savants,,
3,CT9960-9998,Other miscellaneous groups,"Including adventurers, eccentrics, misers, etc.",
3,CT9999,"Blank books for personal records, diaries, etc.",,
0,D,"WORLD HISTORY AND HISTORY OF EUROPE, ASIA, AFRICA, AUSTRALIA, NEW ZEALAND, ETC.",,
1,D1-2027,History (General),,
2,D1-24.5,General,,
2,D25-27,Military and naval history,,
2,D31-34,Political and diplomatic history,,
2,D51-90,Ancient history,,
2,D101-110.5,"Medieval and modern history, 476-",,
2,D111-203,Medieval history,,
3,D135-149,Migrations,,
3,D151-173,Crusades,,
3,D175-195,"Latin Kingdom of Jerusalem. Latin Orient, 1099-1291",,
3,D200-203,Later medieval. 11th-15th centuries,,
2,D(204)-(475),"Modern history, 1453-",,
3,D219-234,1453-1648,,
3,D242-283.5,1601-1715. 17th century,,
4,D251-271,"Thirty Years= War, 1618-1648",,
4,D274.5-6,"Anglo-French War, 1666-1667",,
4,D275-276,"War of Devolution, 1667-1668",,
4,D277-278.5,"Dutch War, 1672-1678",,
4,D279-280.5,"War of the Grand Alliance, 1688-1697",,
4,D281-283.5,"War of Spanish Succession, 1701-1714",,
3,D284-297,1715-1789. 18th century,,
4,D291-294,"War of Austrian Succession, 1740-1748",,
4,D297,"Seven Years= War, 1756-1763",,
3,D299-(475),1789-,,
4,D301-309,Period of the French Revolution,,
4,D351-400,19th century. 1801-1914/1920,,
5,D371-(379),Eastern question,,
5,D383,1815-1830. Congress of Vienna,,
5,D385-393,1830-1870,,
5,D394-400,1871- . Later 19th century,,
4,D410-(475),20th century,,
5,D461-(475),Eastern question,,
4,D501-680,World War I (1914-1918),,
4,D720-728,Period between World Wars (1919-1939),,
4,D731-838,World War II (1939-1945),,
4,D839-860,Post-war history (1945- ),,
4,D880-888,Developing countries,,
4,D890-893,Eastern Hemisphere,,
4,D900-2009,Europe (General),,
5,D901-980,Description and travel,,
5,D1050-2027,History,,
1,DA1-995,History of Great Britain,,
2,DA10-18.2,British Empire. Commonwealth of Nations. The Commonwealth,,
2,DA20-690,England,,
3,DA20-27.5,General,,
3,DA28-592,History,,
4,DA28-35,General,,
4,DA40-89.6,"Political, military, naval, and Air Force history. Foreign relations",,
4,DA90-125,Antiquities. Social life and customs. Ethnography,,
4,DA129-592,By period,,
5,DA129-260,Early and medieval to 1485,,
6,DA140-199,Celts. Romans. Saxons. Danes. Normans,,
6,DA200-260,1154-1485. Angevins. Plantagenets. Lancaster-York,,
5,DA300-592,"Modern, 1485-",,
6,DA310-360,"Tudors, 1485-1603",,
7,DA350-360,"Elizabeth I, 1558-1603. Elizabethan age",,
6,DA385-398,"Early Stuarts, 1603-1642",,
6,DA400-429,"Civil War and Commonwealth, 1642-1660",,
6,DA430-463,Later Stuarts,,
6,DA498-503,1714-1760,,
6,DA505-522,"George III, 1760-1820",,
6,DA550-565,"Victorian era, 1837-1901",,
6,DA566-592,20th century,,
3,DA600-667,Description and travel. Guidebooks,,
3,DA670-690,Local history and description,,
4,DA670,"Counties, regions, etc., A-Z",,
4,DA675-689,London,,
4,DA690,"Other cities, towns, etc., A-Z",,
2,DA700-745,Wales,,
3,DA700-713,General,,
3,DA714-722.1,History,,
3,DA725-738,Description and travel,,
3,DA740-745,Local history and description,,
2,DA750-890,Scotland,,
3,DA750-757.7,General,,
3,DA757.9-826,History,,
4,DA757.9-763,General,,
4,DA765-774.5,"Political and military history. Antiquities, etc.",,
4,DA774.8-826,By period,,
5,DA777-790,Early and medieval to 1603,,
6,DA783.2-783.45,"War of Independence, 1285-1371",,
6,DA783.5-790,"Stuarts, 1371-1603",,
5,DA800-814.5,1603-1707/1745,,
6,DA807,"The Union, 1707",,
6,DA813-814.5,1707-1745. Jacobite movements,,
5,DA815-826,19th-20th centuries,,
3,DA850-878,Description and travel,,
3,DA880-890,Local history and description,,
2,DA900-995,Ireland,,
3,DA900-908.7,General,,
3,DA909-965,History,,
4,DA909-916.8,General,,
4,DA920-927,Antiquities. Social life and customs. Ethnography,,
4,DA930-965,By period,,
5,DA930-937.5,Early and medieval to 1603,,
6,DA933.3,"English conquest, 1154-1189",,
5,DA938-966.2,"Modern, 1603-",,
6,DA949.5,"The Union, 1800",,
6,DA949.7-965,19th-20th centuries. Irish question,,
7,DA963,1922- . Republic of Ireland. Irish Free State,,
6,DA966-966.2,21st century,,
3,DA969-988,Description and travel,,
3,DA990-995,Local history and description,,
4,DA990.U45-U46,Northern Ireland (Ulster),,
1,DAW1001-1051,History of Central Europe,,
2,DAW1001-1028,General,,
2,DAW1031-1051,History,,
1,DB1-3150,History of Austria. Liechtenstein. Hungary. Czechoslovakia,,
2,DB1-879,Austria. Austro-Hungarian Empire,,
3,DB1-20.5,General,,
3,DB21-27.5,Description and travel,,
3,DB29-34.5,Antiquities. Social life and customs. Ethnography,,
3,DB35-99.2,History,,
4,DB35-40.5,General,,
4,DB42-49,"Military, naval, and political history. Foreign relations",,
4,DB51-99.2,By period,,
5,DB51-64,Early and medieval to 1521,,
6,DB60-64,Wars with the Turks,,
5,DB65-99.2,1521-,,
6,DB65.2-65.9,1521-1648,,
6,DB66-69.5,1648-1740,,
6,DB69.7-77,1740-1815,,
6,DB80-99.2,19th-20th centuries,,
7,DB83,"Revolution, 1848",,
7,DB96-99.2,"Republic, 1918-",,
8,DB99-99.1,1938-1955. German annexation. Allied occupation,,
8,DB99.2,1955-,,
3,DB101-879,Local history and description,,
4,DB101-785,"Provinces, regions, etc.",,
4,DB841-860,Vienna,,
4,DB879,"Other cities, towns, etc., A-Z",,
2,DB881-898,Liechtenstein,,
2,DB901-999,Hungary,,
3,DB901-906.7,General,,
3,DB906.9-920.5,Description and travel. Antiquities. Ethnography,,
3,DB921-958.6,History,,
4,DB927-958.6,By period,,
5,DB927-932.9,Early to 1792,,
6,DB929-929.8,"Árpád dynasty, 896-1301",,
6,DB929.95-931.9,"Elective kings, 1301-1526",,
5,DB932.95-945,1792-1918. 19th century,,
6,DB934.5-939.5,Revolution of 1848-1849,,
6,DB940-945,1849-1918,,
5,DB946-958.6,20th century,,
6,DB955-955.8,1918-1945. Revolution of 1919-1920,,
6,DB955.9-957.5,1945-1989. Revolution of 1956,,
6,DB957.9-958.6,-1989,,
3,DB974.9-999,Local history and description,,
4,DB974.9-975,"Counties, regions, etc.",,
4,DB981-997,Budapest,,
2,DB2000-3150,Czechoslovakia,,
3,DB2000-2035,General. Description and travel. Antiquities. Social life and customs,,
3,DB2040-2043,Ethnography,,
3,DB2044-2247,History,,
4,DB2080-2247,By period,,
5,DB2080-2133,Early and medieval to 1526,,
5,DB2135-2182,"Hapsburg rule, 1526-1918",,
5,DB2185-2241,"Czechoslovak Republic, 1918-1992",,
5,DB2242-2247,1993- . Independent Czech Republic,,
3,DB2300-2650,Local history and description of Czech lands,,
4,DB2300-2421,Moravia,,
4,DB2600-2649,Prague (Praha),,
3,DB2700-3150,Slovakia,,
4,DB3100-3139,Bratislava (Pressburg),,
1,DC1-947,History of France,,
2,DC1-20.5,General,,
2,DC21-29.3,Description and travel,,
2,DC30-34.5,Antiquities. Social life and customs. Ethnography,,
2,DC35-424,History,,
3,DC35-41,General,,
3,DC44-59.8,"Military, naval, and political history. Foreign relations",,
3,DC60-424,By period,,
4,DC60-109,Early and medieval to 1515,,
5,DC62-64,Gauls. Celts. Franks,,
5,DC64.7-94,476-1328. Merovingians. Carlovingians. Capetians,,
5,DC95-109,1328-1515,,
6,DC96-101.7,"Hundred Years= War, 1339-1453",,
6,DC101.9-109,"15th century. Jeanne d=Arc, Saint",,
4,DC110-433,"Modern, 1515-",,
5,DC111-120,1515-1589. 16th century,,
6,DC118,"Massacre of St. Bartholomew, 1572",,
5,DC120.8-130,"1589-1715. Henri IV, Louis XIII, Louis XIV",,
5,DC131-138,"1715-1789. 18th century. Louis XV, Louis XVI",,
5,DC139-249,"Revolutionary and Napoleonic period, 1789-1815",,
5,DC251-354.9,19th century,,
6,DC256-260,"Restoration, 1815-1830",,
6,DC261-269,"July Revolution of 1830. July Monarchy, 1830-1848",,
6,DC270-274.5,February Revolution and Second Republic,,
6,DC275-280.5,"Second Empire, 1852-1870",,
6,DC281-326.5,"Franco-German or Franco-Prussian War, 1870-1871",,
6,DC330-354.9,Later 19th century,,
5,DC361-424,20th century,,
6,DC397,1940-1946,,
6,DC398-409,"Fourth Republic, 1947-1958",,
6,DC411-424,"Fifth Republic, 1958-",,
5,DC425-433,21st century,,
2,DC600-801,Local history and description,,
3,DC601.1-609.83,"North, East, etc. France",,
3,DC611,"Regions, provinces, departments, etc., A-Z",,
3,DC701-790,Paris,,
3,DC801,"Other cities, towns, etc., A-Z",,
2,DC921-930,Andorra,,
2,DC941-947,Monaco,,
1,DD1-(905),History of Germany,,
2,DD1-21,General,,
2,DD21.5-43,Description and travel,,
2,DD51-78,Antiquities. Social life and customs. Ethnography,,
2,DD84-257.4,History,,
3,DD84-96,General,,
3,DD99-120,"Military, naval, and political history. Foreign relations",,
3,DD121-257.4,By period,,
4,DD121-124,Earliest to 481,,
4,DD125-174.6,Early and medieval to 1519,,
5,DD126-155,"Medieval Empire, 481-1273",,
6,DD127-135,481-918. Merovingians. Carolingians,,
6,DD136-144,919-1125. Houses of Saxony and Franconia,,
6,DD145-155,1125-1273. Hohenstaufen period,,
5,DD156-174.6,1273-1519. Houses of Habsburg and Luxemburg,,
4,DD175-257.4,"Modern, 1519-",,
5,DD176-189,1519-1648. Reformation and Counter-reformation,,
6,DD181-183,"Peasants= War, 1524-1525",,
6,DD184-184.7,"Schmalkaldic League and War, 1530-1547",,
6,DD189,"Period of Thirty Years= War, 1618-1648",,
5,DD190-199,1648-1815. 18th century. French Revolutionary and Napoleonic period,,
5,DD201-257.4,19th-20th centuries,,
6,DD206-216,1815-1871,,
6,DD217-231,"New Empire, 1871-1918",,
7,DD228.8,"Period of World War I, 1914-1918",,
6,DD233-257.4,"Revolution and Republic, 1918-",,
7,DD253-256.8,"Hitler, 1933-1945. National socialism",,
8,DD(256),"Period of World War II, 1939-1945",,
6,DD257-257.4,"Period of Allied occupation, 1945-",,
2,DD258-262,West Germany,,
2,DD280-289.5,East Germany,,
2,DD301-454,Prussia,,
3,DD301-312,General,,
3,DD314-320,Description and travel,,
3,DD325-339,Antiquities. Social life and customs. Ethnography,,
3,DD341-454,History,,
2,DD701-901,Local history and description,,
3,DD701-788,"North and Central, Northeast, etc. Germany",,
3,DD801,"States, provinces, regions, etc., A-Z",,
3,DD851-900,Berlin,,
3,DD900.2-900.76,Bonn,,
3,DD901,"Other cities, towns, etc., A-Z",,
1,DE1-100,History of the Greco-Roman world,,
2,DE1-15.5,General,,
2,DE23-31,Geography,,
2,DE46-73.2,Antiquities. Civilization. Culture. Ethnography,,
2,DE80-100,History,,
1,DF10-951,History of Greece,,
2,DF10-289,Ancient Greece,,
3,DF10-16,General,,
3,DF27-41,Geography. Travel,,
3,DF75-136,Antiquities. Civilization. Culture. Ethnography,,
3,DF207-241,History,,
4,DF207-218,General,,
4,DF220-241,By period,,
5,DF220-221,"Bronze Age, Minoan, and Mycenaean ages",,
5,DF221.2-224,ca. 1125-500 B.C. Age of Tyrants,,
5,DF225-226,"Persian wars, 499-479 B.C.",,
5,DF227-228,Athenian supremacy. Age of Pericles. 479-431 B.C.,,
5,DF229-230,"Peloponnesian War, 431-404 B.C.",,
5,DF230.9-231.9,"Spartan and Theban supremacies, 404-362 B.C.",,
5,DF232.5-233.8,Macedonian epoch. Age of Philip. 359-336 B.C.,,
5,DF234-234.9,"Alexander the Great, 336-323 B.C.",,
5,DF235-238.9,"Hellenistic period, 323-146.B.C.",,
5,DF239-241,"Roman epoch, 140 B.C.-323/476 A.D.",,
3,DF251-289,Local history and description,,
2,DF501-649,"Medieval Greece. Byzantine Empire, 323-1453",,
3,DF501-518,General,,
3,DF520-542.4,Antiquities. Social life and customs. Ethnography,,
3,DF545-548,Military history. Political history. Empire and papacy,,
3,DF550-649,History,,
4,DF550-552.8,General,,
4,DF553-599.5,"Eastern Empire, 323/476-1057. Constantine the Great",,
4,DF599.8-649,1057-1453,,
5,DF610-629,1204-1261. Latin Empire,,
5,DF630-649,1261-1453. Palaeologi,,
6,DF645-649,1453. Fall of Constantinople,,
2,DF701-951,Modern Greece,,
3,DF701-720,General,,
3,DF720.5-728,Description and travel,,
3,DF741-748,Social life and customs. Ethnography,,
3,DF750-854.32,History,,
4,DF750-760,General,,
4,DF765-787,"Military, naval, and political history. Foreign relations",,
4,DF801-854.32,By period,,
5,DF801-801.9,"Turkish rule, 1453-1821",,
5,DF802-832,1821-1913,,
6,DF804-815,"War of Independence, 1821-1829",,
6,DF816-818,"Kapodistrias, 1827-1831",,
5,DF833-854.32,20th century,,
6,DF848,"Republic, 1924-1935",,
2,DF895-951,Local history and description,,
3,DF901,"Regions, provinces, islands, etc., A-Z",,
4,DF901.C78-C88,Crete,,
3,DF915-936,Athens,,
3,DF951,"Other cities, towns, etc., A-Z",,
1,DG11-999,History of Italy,,
2,DG11-365,Ancient Italy. Rome to 476,,
3,DG11-16,General,,
3,DG27-41,Geography. Description and travel,,
3,DG51-70,Local history and description,,
4,DG51-55,"Regions in Italy, A-Z",,
4,DG59,"Regions outside of Italy, A-Z",,
4,DG61-69,Rome (City) to 476,,
4,DG70,"Other cities, towns, etc., A-Z",,
3,DG75-190,Antiquities. Civilization. Culture. Ethnography,,
3,DG201-365,History,,
4,DG201-215,General,,
4,DG221-365,By period,,
5,DG221-225,Pre-Roman Italy. Etruria. Etruscans,,
5,DG231-269,"Kings and Republic, 753-27 B.C.",,
6,DG233-233.9,"Foundations and kings, 753-510",,
6,DG235-269,"Republic, 509-27",,
7,DG237-238,"Subjection of Italy, 343-290",,
7,DG241-253,Conquest of Mediterranean world. 264-133,,
8,DG242-249.4,First and Second Punic Wars. Illyrian wars. 264-201,,
8,DG250-253,Wars in the East and in the West. 200-133,,
8,DG253.5-269,Fall of the Republic and establishment of the Empire. 133-27,,
8,DG256-260,Period of Marius and Sulla (Pompey). 111-78,,
8,DG261-267,"Julius Caesar. First Triumvirate, 60",,
8,DG268-269,"Second Triumvirate, 43-31",,
5,DG269.5-365,"Empire, 27 B.C. - 476 A.D.",,
6,DG269.5-274.3,General,,
6,DG275-309.3,"Constitutional Empire, 27 B.C. - 284 A.D.",,
6,DG310-365,284-476. Decline and fall,,
2,DG401-583.8,"Medieval and modern Italy, 476-",,
3,DG401-421,General,,
3,DG421.5-430.2,Description and travel,,
3,DG431-457,Antiquities. Social life and customs. Ethnography,,
3,DG461-583.8,History,,
4,DG461-473,General,,
4,DG480-499,"Military, naval, and political history. Foreign relations",,
4,DG500-583.8,By period,,
5,DG500-537.8,"Medieval, 476-1492",,
6,DG503-529,476-1268,,
7,DG506-514.7,"489-774. Gothic and Lombard kingdoms. Byzantine exarchate, 553-568",,
7,DG515-529,774-1268. Frankish and German emperors,,
6,DG530-537.8,1268-1492,,
7,DG532-537.8,Renaissance,,
5,DG538-583.8,"Modern, 1492-",,
6,DG539-545.8,16th-18th centuries,,
6,DG546-549,1792-1815. Napoleonic period,,
7,DG548-549,Kingdom of Italy,,
6,DG550.5-564,19th century,,
7,DG552-554.5,1848-1871. Risorgimento,,
8,DG553-553.5,1848-1849. Austro-Sardinian War,,
6,DG555-575,1871-1947. United Italy (Monarchy),,
7,DG571-572,1919-1945. Fascism,,
6,DG576-583.8,1948- . Republic,,
2,DG600-684.72,Northern Italy,,
3,DG600-609,General,,
3,DG610-618.78,Piedmont. Savoy,,
3,DG631-645,Genoa,,
3,DG651-664.5,Milan. Lombardy,,
3,DG670-684.72,Venice,,
2,DG691-817.3,Central Italy,,
3,DG691-694,General,,
3,DG731-759.3,Tuscany. Florence,,
3,DG791-800,Papal States (States of the Church). Holy See. Vatican,,
4,DG,City,,
3,DG803-817.3,Rome (Modern city),,
2,DG819-875,Southern Italy,,
3,DG819-829,General,,
3,DG831,Sicily and Malta,,
3,DG840-857.5,Naples. Kingdom of the Two Sicilies,,
3,DG861-875,Sicily,,
2,DG975,"Other cities (non-metropolitan), provinces, etc., A-Z",,
2,DG987-999,Malta. Maltese Islands,,
1,DH1-925,History of Low Countries. Benelux Countries,,
2,DH1-23,General,,
2,DH31-40,Description and travel,,
2,DH51-92,Antiquities. Social life and customs. Ethnography,,
2,DH95-207,History,,
3,DH95-109,General,,
3,DH113-137,"Military, naval, and political history. Foreign relations",,
3,DH141-207,By period,,
4,DH141-162,Early and medieval to 1384,,
4,DH171-184,1384-1555. House of Burgundy,,
4,DH185-207,"Wars of Independence, 1555-1648",,
2,DH401-811,Belgium,,
3,DH401-430,General,,
3,DH431-435,Description and travel,,
3,DH451-492,Antiquities. Social life and customs. Ethnography,,
3,DH503-694,History,,
4,DH503-527,General,,
4,DH540-569,"Military, naval, and political history. Foreign relations",,
4,DH571-694,By period,,
5,DH571-584,Early and medieval to 1555,,
5,DH585-619,1555-1794. Spanish and Austrian rule,,
6,DH611-619,1714-1794. Austrian Netherlands,,
5,DH620-676,1794-1909,,
6,DH631,"French rule, 1794-1813",,
6,DH650-652,Revolution of 1830,,
5,DH677-694,20th century,,
3,DH801-811,Local history and description,,
4,DH801,"Provinces, regions, etc., A-Z",,
4,DH802-809.95,Brussels,,
4,DH811,"Other cities, towns, etc., A-Z",,
2,DH901-925,Luxembourg,,
1,DJ1-(500),History of Netherlands (Holland),,
2,DJ1-30,General,,
2,DJ33-41,Description and travel,,
2,DJ51-92,Antiquities. Social life and customs. Ethnography,,
2,DJ95-292,History,,
3,DJ95-116,General,,
3,DJ124-150,"Military, naval, and political history, etc. Foreign relations",,
3,DJ151-292,By period,,
4,DJ151-152,Early and medieval to 1555,,
4,DJ154-210,1555-1795. United provinces,,
5,DJ180-182,"Anglo-Dutch wars, 1652-1667",,
5,DJ190-191,"War with France, 1672-1678",,
5,DJ193,"Anglo-Dutch War, 1672-1674",,
5,DJ196-199.2,"Stadtholders, 1702-1747",,
5,DJ205-206,"Anglo-Dutch War, 1780-1784",,
5,DJ208-209,"War with France, 1793-1795",,
4,DJ211,1795-1806. Batavian Republic,,
4,DJ215-292,19th-20th centuries,,
2,DJ401-411,Local history and description,,
3,DJ411.A5-A59,Amsterdam,,
1,DJK1-77,History of Eastern Europe (General),,
2,DJK26-28,Ethnography,,
3,DJK27,Slavic peoples (General),,
2,DJK30-51,History,,
2,DJK61-77,Local history and description,,
3,DJK61-66,Black Sea region,,
3,DJK71-76,Carpathian Mountain region,,
3,DJK76.2-76.8,Danube River Valley,,
3,DJK77,Pannonia,,
1,DK1-949.5,History of Russia. Soviet Union. Former Soviet Republics,,
2,DK33-35.5,Ethnography,,
2,DK36-293,History,,
3,DK70-112.42,Early to 1613,,
4,DK70-99.7,Rus=,,
4,DK99.8-112.42,Muscovy,,
3,DK112.8-264.8,"House of Romanov, 1613-1917",,
3,DK265-265.95,"Revolution, 1917-1921",,
3,DK266-292,"Soviet regime, 1918-1991",,
3,DK293,1991-,,
2,DK500,"Regions not limited to one Republic, A-Z",,
2,DK501-949.5,Local history and description,,
3,DK502.3-502.75,Baltic States,,
3,DK503-503.95,Estonia,,
4,DK503.92-503.939,Tallinn,,
3,DK504-504.95,Latvia,,
4,DK504.92-504.939,Riga,,
3,DK505-505.95,Lithuania,,
4,DK505.92-505.939,Vilnius,,
3,DK507-507.95,Belarus. Byelorussian S.S.R. White Russia,,
4,DK507.92-507.939,Minsk,,
3,DK508-508.95,Ukraine,,
4,DK508.92-508.939,Kiev,,
3,DK509,Southern Soviet Union,,
3,DK509.1-509.95,Moldova. Moldovian S.S.R. Bessarabia,,
4,DK509.92-509.939,Chisinau. Kishinev,,
3,DK510-651,Russia (Federation). Russian S.F.S.R.,,
4,DK541-579,Saint Petersburg. Leningrad. Petrograd,,
4,DK588-609,Moscow,,
3,DK670-679.5,Georgia (Republic). Georgian S.S.R. Georgian Sakartvelo,,
4,DK679.2-679.39,Tbilisi. Tiflis,,
3,DK680-689.5,Armenia (Republic). Armenian S.S.R.,,
4,DK689.2-689.39,Yerevan. Erevan,,
3,DK690-699.5,Azerbaijan. Azerbaijan S.S.R.,,
4,DK699.2-699.39,Baku,,
3,DK751-781,Siberia,,
3,DK845-860,Soviet Central Asia. West Turkestan,,
3,DK901-909.5,Kazakhstan. Kazakh S.S.R.,,
4,DK909.2-909.39,Alma Ata,,
3,DK911-919.5,Kyrgyzstan. Kirghiz S.S.R. Kirghizia,,
4,DK919.2-919.39,Frunze,,
3,DK921-929.5,Tajikistan. Tajik S.S.R. Tadzhikistan,,
4,DK929.2-929.39,Dushanbe,,
3,DK931-939.5,Turkmenistan. Turkmen S.S.R. Turkmenia,,
4,DK939.2-939.39,Ashkhabad,,
3,DK941-949.5,Uzbekistan. Uzbek S.S.R.,,
4,DK949.2-949.39,Tashkent,,
1,DK4010-4800,History of Poland,,
2,DK4120-4122,Ethnography,,
2,DK4123-4452,History,,
3,DK4186-4348,To 1795,,
3,DK4348.5-4395,1795-1918. 19th century (General),,
3,DK4397-4420,1918-1945,,
3,DK4429-4442,1945-1989. People=s Republic,,
3,DK4445-4452,1989-,,
2,DK4600-4800,Local history and description,,
3,DK4610-4645,Warsaw (Warszawa),,
3,DK4650-4685,Gdansk (Danzig),,
3,DK4700-4735,Krakow (Cracow),,
1,DL1-1180,History of Northern Europe. Scandinavia,,
2,DL1-6.8,General,,
2,DL7-11.5,Description and travel,,
2,DL20-42.5,Antiquities. Social life and customs. Ethnography,,
2,DL43-87,History,,
3,DL43-49,General,,
3,DL52-59,"Military, naval, and political history. Foreign relations",,
3,DL61-87,By period,,
4,DL61-65,Earliest to 1387. Scandinavian Empire. Northmen. Vikings,,
4,DL75-81,1387-1900,,
4,DL83-87,"1900- . Period of World War I, 1914-1918",,
2,DL101-291,Denmark,,
3,DL101-114.5,General,,
3,DL115-120,Description and travel,,
3,DL121-142.5,Antiquities. Social life and customs. Ethnography,,
3,DL143-263.3,History,,
4,DL143-151,General,,
4,DL154-159.5,"Military, naval, and political history. Foreign relations",,
4,DL160-263.3,By period,,
5,DL160-183.9,Early and medieval to 1523,,
6,DL162-173.8,"750-1241. Norwegian rule, 1042-1047",,
6,DL174-183.9,"1241-1523. Union of Kalmar, 1397",,
5,DL184-263.3,"Modern, 1523-",,
6,DL185-192.8,1523-1670,,
7,DL190,"War with Sweden, 1643-1645",,
7,DL192,"War with Sweden, 1657-1660",,
6,DL193-199.8,1670-1808,,
7,DL196.3,"Period of Northern War, 1700-1721",,
6,DL201-249,1808-1906. 19th century,,
7,DL217-223,"Schleswig-Holstein War, 1848-1850",,
7,DL236-239.6,"Schleswig-Holstein War, 1864",,
6,DL250-263.3,20th century,,
3,DL269-291,Local history and description,,
4,DL271,"Counties, regions, islands, etc., A-Z",,
4,DL276,Copenhagen,,
4,DL291,"Other cities, towns, etc., A-Z",,
2,DL301-398,Iceland,,
3,DL301-334,"General. Description and travel, etc.",,
3,DL335-380,History,,
3,DL396-398,Local history and description,,
2,DL401-596,Norway,,
3,DL401-414,General,,
3,DL415-419.2,Description and travel,,
3,DL420-442.5,Antiquities. Social life and customs. Ethnography,,
3,DL443-537,History,,
4,DL443-451.5,General,,
4,DL453-459,"Military, naval, and political history. Foreign relations",,
4,DL460-537,By period,,
5,DL460-478,Early and medieval to 1387,,
5,DL480-502,"1387-1814. Union of Kalmar, 1397",,
6,DL499,War of 1807-1814,,
6,DL500-502,"Union with Sweden, 1814",,
5,DL503-526,1814-1905. 19th century,,
6,DL525,"Dissolution of the Swedish-Norwegian union, 1905",,
5,DL527-537,"20th century. Period of World War II, 1939-1945",,
3,DL576-596,Local history and description,,
4,DL576,"Counties, regions, etc., A-Z",,
4,DL581,Oslo (Christiania),,
4,DL596,"Other cities, towns, etc., A-Z",,
2,DL601-991,Sweden,,
3,DL601-614.5,General,,
3,DL614.55-619.5,Description and travel,,
3,DL621-642,Antiquities. Social life and customs. Ethnography,,
3,DL643-879,History,,
4,DL643-651,General,,
4,DL654-659,"Military, naval, and political history. Foreign relations",,
4,DL660-879,By period,,
5,DL660-700.9,"Early and medieval to 1523. Union of Kalmar, 1397",,
5,DL701-879,"Modern, 1523-",,
6,DL701-719.9,"Vasa dynasty, 1523-1654. Gustaf II Adolf, 1611-1632",,
7,DL710-712,"Wars with Denmark, Russia, Poland",,
6,DL721-743,"Zweibrücken dynasty, 1654-1718",,
7,DL733-743,"Northern War, 1700-1721",,
6,DL747-805,1718-1818,,
7,DL790,"Revolution and loss of Finland, 1809",,
7,DL805,"Union with Norway, 1814",,
6,DL807-859,1814-1907. 19th century,,
6,DL860-879,20th century,,
3,DL971-991,Local history and description,,
4,DL971,"Provinces, regions, etc., A-Z",,
4,DL976,Stockholm,,
4,DL991,"Other cities, towns, etc., A-Z",,
2,DL1002-1180,Finland,,
3,DL1002-1014.5,General,,
3,DL1015-1015.4,Description and travel,,
3,DL1016-1022,Antiquities. Social life and customs. Ethnography,,
3,DL1024-1141.6,History,,
4,DL1024-1033,General,,
4,DL1036-1048,"Military, naval, and political history. Foreign relations",,
4,DL1050-1141.6,By period,,
5,DL1050-1052.9,Early to 1523,,
5,DL1055-1141.6,"Modern, 1523-",,
6,DL1070-1078,"Revolution, 1917-1918. Civil War",,
6,DL1090-1105,1939-1945,,
7,DL1095-1105,"Russo-Finnish War, 1939-1940",,
5,DL1122-1135.5,1945-1981,,
5,DL1140-1141.6,1981-,,
3,DL1170-1180,Local history and description,,
4,DL1170,"Regions, provinces, historical regions, etc., A-Z",,
4,DL1175-1175.95,Helsinki (Helsingfors),,
4,DL1180,"Other cities, towns, etc., A-Z",,
1,DP1-402,History of Spain,,
2,DP1-27,General,,
2,DP27.5-43.2,Description and travel,,
2,DP44-53,Antiquities. Social life and customs. Ethnography,,
2,DP56-272.4,History,,
3,DP56-75,General,,
3,DP76-86,"Military, naval, and political history. Foreign relations",,
3,DP91-272.4,By period,,
4,DP91-96,Earliest to 711,,
5,DP92-96,"Pre-Roman, Roman, and Gothic periods",,
4,DP97.3-160.8,711-1516. Moorish domination and the Reconquest,,
5,DP100-123,Moors in Spain. Córdoba. Kingdom of Granada,,
5,DP124-133.7,Aragon (Catalonia),,
5,DP134-143.8,Castile and Leon,,
5,DP145-152.8,León (Asturias),,
5,DP153-160.8,Navarre,,
4,DP161-272.4,"Modern Spain, 1479/1516-",,
5,DP161.5-166,Fernando V and Isabel I,,
5,DP170-189,1516-1700. Habsburgs,,
5,DP192-200.8,1700-1808. Bourbons,,
5,DP201-232.6,1808-1886. 19th century,,
6,DP204-208,1808-1814. Napoleonic period,,
6,DP212-220,1814-1868. Bourbon restoration,,
7,DP219-219.2,"Carlist War, 1833-1840",,
6,DP222-232.6,1868-1886,,
7,DP224-226,"Revolution, 1868-1870",,
7,DP230-231.5,"First Republic, 1873-1875",,
5,DP233-272.4,20th century. 1886-,,
6,DP250-269.9,"Second Republic, 1931-1939",,
7,DP269-269.9,"Civil War, 1936-1939",,
6,DP269.97-271,1939-1975,,
6,DP272-272.4,1975-,,
2,DP285-402,Local history and description,,
3,DP285-295,"Northern, Northwestern, Southern Spain",,
3,DP302,"Provinces, regions, ets., A-Z",,
3,DP350-374,Madrid,,
3,DP402,"Other cities, towns, etc., A-Z",,
1,DP501-(900.22),History of Portugal,,
2,DP501-520,General,,
2,DP521-526.5,Description and travel,,
2,DP528-534.5,Antiquities. Social life and customs. Ethnography,,
2,DP535-682.2,History,,
3,DP535-546,General,,
3,DP547-557,"Military, naval, and political history. Foreign relations",,
3,DP558-682.2,By period,,
4,DP558-618,Early and medieval to 1580,,
5,DP568-578,"House of Burgundy, 1095-1383",,
5,DP580,"Interregnum, 1383-1385",,
5,DP582-618,"House of Aviz, 1385-1580",,
4,DP620-682.2,1580-,,
5,DP622-629,1580-1640. Spanish dynasty (Sixty years= captivity),,
5,DP632-644.9,1640-1816. House of Braganza,,
5,DP645-669,1816-1908,,
6,DP650,Revolution of 1820,,
6,DP657,"Wars of succession, 1826-1840",,
5,DP670-682.2,20th century,,
6,DP674,Revolution of October 1910,,
6,DP675-682.2,"Republic, 1910- . Revolution of 1919",,
2,DP702-802,Local history and description,,
3,DP702,"Provinces, regions, etc., A-Z",,
3,DP752-776,Lisbon,,
3,DP802,"Other cities, towns, etc., A-Z",,
1,DQ1-851,History of Switzerland,,
2,DQ1-20,General,,
2,DQ20.5-26,Description and travel,,
2,DQ30-49.5,Antiquities. Social life and customs. Ethnography,,
2,DQ51-210,History,,
3,DQ51-57,General,,
3,DQ59-76,Military and political history. Foreign relations,,
3,DQ78-210,By period,,
4,DQ78-110,Early and medieval to 1516,,
5,DQ79-84,Early to 687. Celts and Romans. Teutonic tribes,,
5,DQ85-87,687-1291. Carolingian and German rule,,
5,DQ88-110,1291-1516. Federation and independence,,
4,DQ111-123,1516-1798,,
4,DQ124-191,19th century,,
5,DQ131-151,"1789/1798-1815. Helvetic Republic, 1798-1803",,
5,DQ154-161,"1815-1848. Sonderbund, 1845-1847",,
5,DQ171-191,1848-1900,,
4,DQ201-210,20th century,,
2,DQ301-851,Local history and description,,
3,DQ301-800.35,Cantons (and cantonal capitals),,
3,DQ820-829,Alps,,
3,DQ841,"Regions, peaks, etc., A-Z",,
3,DQ851,"Cities, towns, etc., A-Z",,
1,DR1-2285,History of Balkan Peninsula,,
2,DR1-11,General,,
2,DR11.5-16,Description and travel,,
2,DR20-27,Antiquities. Social life and customs. Ethnography,,
2,DR32-48.5,"History. Balkan War, 1912-1913",,
2,DR50-50.84,Thrace,,
2,DR51-98,Bulgaria,,
3,DR51-56.7,General,,
3,DR57-60.2,Description and travel,,
3,DR62-64.5,Antiquities. Social life and customs. Ethnography,,
3,DR65-93.47,History,,
4,DR65-69.5,General,,
4,DR70-73,Military and political history. Foreign relations,,
4,DR73.7-93.47,By period,,
5,DR73.7-80.8,Early and medieval,,
6,DR74.5-77.8,"First Bulgarian Empire, 681-1018",,
6,DR79-79.25,"Greek rule, 1018-1185",,
6,DR80-80.8,"Second Bulgarian Empire, 1185-1396",,
5,DR81-84,"Turkish rule, 1396-1878",,
5,DR84.9-89.8,1878-1944,,
5,DR89.9-93.34,1944-1990,,
5,DR93.4-93.47,-1990,,
3,DR95-98,Local history and description,,
4,DR95,"Provinces, regions, etc., A-Z",,
4,DR97,Sofia,,
4,DR98,"Other cities, towns, etc., A-Z",,
2,DR201-296,Romania,,
3,DR201-206,General,,
3,DR207-210,Description and travel,,
3,DR211-214.2,Antiquities. Social life and customs. Ethnography,,
3,DR215-269.6,History,,
4,DR215-218,General,,
4,DR219-229,"Military, naval, and political history. Foreign relations",,
4,DR238-269.6,By period,,
5,DR238-240.5,Early and medieval to 1601. Roman period,,
5,DR241-241.5,"Phanariote regime, 1601-1822",,
5,DR242-249,1822-1881. 19th century,,
5,DR250-266.5,1866/1881-1944,,
5,DR267-267.5,1944-1989,,
5,DR268-269.6,1989-,,
3,DR279-296,Local history and description,,
4,DR279-280.74,Transylvania,,
4,DR281,"Other provinces, regions, etc., A-Z",,
4,DR286,Bucharest,,
4,DR296,"Other cities, towns, etc., A-Z",,
2,DR401-741,Turkey,,
3,DR401-419,General,,
3,DR421-429.4,Description and travel,,
3,DR431-435,Antiquities. Social life and customs. Ethnography,,
3,DR436-605,History,,
4,DR436-446,General,,
4,DR448-479,"Military, naval, and political history. Foreign relations",,
4,DR481-605,By period,,
5,DR481,Earliest to 1281/1453,,
5,DR485-555.7,"1281/1453-1789. Fall of Constantinople, 1453",,
5,DR511-529,1566-1640. Period of decline,,
6,DR515-516,"Cyprian War, 1570-1571. Holy League, 1571",,
5,DR531-555.7,1640-1789,,
6,DR534.2-534.5,"War of Candia, 1644-1669",,
5,DR556-567,1789-1861. 19th century,,
5,DR568-575,"1861-1909. War with Russia, 1877-1878",,
5,DR576-605,20th century. Constitutional movement,,
3,DR701-741,Local history and description (European Turkey),,
4,DR701,"Provinces, regions, etc., A-Z",,
4,DR716-739,Istanbul (Constantinople),,
4,DR741,"Other cities, towns, etc., A-Z",,
2,DR901-998,Albania,,
3,DR901-914.5,General,,
3,DR915-918,Description and travel,,
3,DR921-926,Antiquities. Social life and customs. Ethnography,,
3,DR927-978.52,History,,
4,DR927-946,General,,
4,DR947-953,"Military, naval, and political history. Foreign relations",,
4,DR954-978.52,By period,,
5,DR954-960.5,To 1501,,
5,DR961-969,1501-1912. Turkish rule,,
5,DR969.8-978.52,20th century,,
3,DR996-998,Local history and description,,
4,DR996,"Provinces, regions, etc., A-Z",,
4,DR997,Tiranë,,
4,DR998,"Other cities, towns, etc., A-Z",,
2,DR1202-2285,Yugoslavia,,
3,DR1202-1218,General,,
3,DR1220-1224,Description and travel,,
3,DR1227-1231,Antiquities. Social life and customs. Ethnography,,
3,DR1232-1321,History,,
4,DR1232-1249,General,,
4,DR1250-1258,"Military, naval, and political history. Foreign relations",,
4,DR1259-1321,By period,,
5,DR1259-1265,Early and medieval to 1500,,
5,DR1266-1272,1500-1800,,
5,DR1273-1280,1800-1918,,
5,DR1281-1321,1918-,,
6,DR1313-1313.8,"Yugoslav War, 1991-1995",,
3,DR1350-2285,Local history and description,,
4,DR1352-1485,Slovenia,,
4,DR1502-1645,Croatia,,
5,DR1620-1630.5,Dalmatia,,
5,DR1633-1636.5,Slavonia,,
4,DR1652-1785,Bosnia and Hercegovina,,
4,DR1802-1928,Montenegro,,
4,DR1932-2125,Serbia,,
5,DR2075-2087.7,Kosovo,,
5,DR2090-2101.5,Vojvodina,,
5,DR2106-2124.5,Belgrade,,
4,DR2152-2285,Macedonia,,
1,DS1-937,History of Asia,,
2,DS5.95-10,Description and travel,,
2,DS11,Antiquities,,
2,DS13-28,Ethnography,,
2,DS31-35.2,History,,
2,DS35.3-35.77,The Islamic World,,
2,DS36-39.2,Arab countries,,
3,DS36.9,Ethnography,,
3,DS37-39.2,History,,
2,DS41-66,Middle East. Southwestern Asia. Ancient Orient. Arab East. Near East,,
3,DS51-54.95,Local history and description,,
4,DS54-54.95,Cyprus,,
3,DS58-59,Ethnography,,
3,DS61-66,History,,
2,DS67-79.9,"Iraq (Assyria, Babylonia, Mesopotamia)",,
3,DS69-70.5,Antiquities,,
3,DS70.8,Ethnography,,
3,DS70.82-79.9,History,,
2,DS80-90,Lebanon (Phenicia),,
3,DS80.5-80.55,Ethnography,,
3,DS80.7-87.6,History,,
2,DS92-99,Syria,,
3,DS94.7-94.8,Ethnography,,
3,DS94.9-98.3,History,,
3,DS99,"Provinces, regions, cities, etc.",,
2,DS101-151,Israel (Palestine). The Jews,,
3,DS109-109.94,Jerusalem,,
3,DS111-111.9,Antiquities,,
3,DS113.2-113.8,Ethnography. Tribes of Israel,,
3,DS114-128.2,History,,
3,DS133-151,Jews outside of Palestine,,
2,DS153-154.9,Jordan. Transjordan,,
3,DS153.5-153.55,Ethnography,,
3,DS153.7-154.55,History,,
2,DS155-156,Asia Minor,,
2,DS161-195.5,Armenia,,
3,DS173-195.5,History,,
2,DS201-248,Arabian Peninsula. Saudi Arabia,,
3,DS218-219,Ethnography,,
3,DS221-244.63,History,,
3,DS247-248,Local history and description,,
2,DS251-326,Iran (Persia),,
3,DS260.7-262,Antiquities,,
3,DS268-269,Ethnography,,
3,DS270-318.85,History,,
3,DS324-326,Local history and description,,
2,DS327-329.4,Central Asia,,
2,DS331-349.9,Southern Asia. Indian Ocean Region,,
3,DS349.8-349.9,Islands of the Indian Ocean,,
2,DS350-375,Afghanistan,,
3,DS354.5-354.6,Ethnography,,
3,DS355-371.3,History,,
3,DS374-375,Local history and description,,
2,DS376-392.2,Pakistan,,
3,DS380,Ethnography,,
3,DS381-389.22,History,,
3,DS392-392.2,Local history and description,,
2,DS393-396.9,Bangladesh. East Pakistan,,
3,DS393.82-393.83,Ethnography,,
3,DS394.5-395.7,History,,
3,DS396.8-396.9,Local history and description,,
2,DS401-(486.8),India (Bharat),,
3,DS430-432,Ethnography. Sects,,
3,DS433-481,History,,
3,DS483-(486.8),Local history and description,,
2,DS488-490,Sri Lanka,,
3,DS489.2-489.25,Ethnography,,
3,DS489.5-489.86,History,,
2,DS491-492.9,Bhutan,,
2,DS493-495.8,Nepal,,
2,DS498-498.8,Goa. Portuguese in India,,
2,DS501-518.9,East Asia. The Far East,,
3,DS518.15-518.9,Relation of individual countries to East Asia,,
2,DS520-560.72,Southeast Asia,,
3,DS524-526.7,History,,
3,DS527-530.9,Burma,,
3,DS531-560.72,French Indochina,,
4,DS541-553.7,History,,
4,DS554-554.98,Cambodia,,
4,DS555-555.98,Laos,,
4,DS556-559.93,Vietnam. Annam,,
5,DS557-559.9,Vietnamese Conflict,,
4,DS560-560.72,"Democratic Republic (North Vietnam), 1945-",,
3,DS561-589,Thailand (Siam),,
4,DS569-570,Ethnography,,
4,DS570.95-586,History,,
4,DS588-589,Local history and description,,
3,DS591-599,Malaysia. Malay Peninsula. Straits Settlements,,
4,DS595-595.2,Ethnography,,
4,DS595.8-597.215,History,,
4,DS597.22-599,Local history and description,,
5,DS597.33-597.34,Sabah. British North Borneo,,
5,DS597.36-597.39,Sarawak,,
3,DS600-605,Malay Archipelago,,
3,DS608-610.9,Singapore,,
3,DS611-649,Indonesia (Dutch East Indies),,
4,DS631-632,Ethnography,,
4,DS633-644.46,History,,
4,DS646.1-646.15,Sumatra,,
4,DS646.17-646.29,Java,,
4,DS646.3-646.34,"Borneo. Kalimantan, Indonesia",,
4,DS646.4-646.49,Celebes. Sulawesi,,
4,DS646.5-646.59,Timor,,
4,DS646.6-646.69,Moluccas. Maluku,,
3,DS650-650.99,Brunei,,
3,DS651-689,Philippines,,
4,DS665-666,Ethnography,,
4,DS667-686.62,History,,
4,DS688-689,Local history and description,,
2,DS701-799.9,China,,
3,DS730-731,Ethnography,,
3,DS733-779.32,History,,
3,DS781-796,Local history and description,,
4,DS781-784.2,Manchuria,,
4,DS785-786,Tibet,,
4,DS796.H7,Hong Kong,,
3,DS798,Outer Mongolia. Mongolian People's Republic,,
3,DS798.92-799.9,Taiwan,,
2,DS801-897,Japan,,
3,DS833-891.5,History,,
3,DS894.215-897,Local history and description,,
2,DS901-937,Korea,,
3,DS904.8-922.4642,History,,
4,DS918-921.8,"War and intervention, 1950-1953",,
3,DS924-925,Local history and description,,
3,DS930-937,"Democratic People's Republic, 1948-",,
1,DT1-3415,History of Africa,,
2,DT7-12.25,Description and travel,,
2,DT15-16,Ethnography,,
2,DT17-39,History,,
2,DT43-154,Egypt,,
3,DT56.8-69.5,Antiquities,,
4,DT63-63.5,Pyramids,,
4,DT68-68.8,Religious antiquities,,
3,DT71-72,Ethnography,,
3,DT73,Local antiquities,,
3,DT74-107.87,History,,
3,DT115-154,Local history and description,,
4,DT139-153.5,Cairo,,
2,DT154.1-159.9,Sudan. Anglo-Egyptian Sudan,,
3,DT154.8,Antiquities,,
3,DT155-155.2,Ethnography,,
3,DT155.3-157.67,History,,
3,DT159.6-159.9,Local history and description,,
2,DT160-177,North Africa,,
3,DT167-176,History,,
4,DT168-169.5,Carthaginian period,,
2,DT179.2-179.9,Northwest Africa,,
2,DT181-346,Maghrib. Barbary States,,
3,DT211-239,Libya,,
4,DT223-223.2,Ethnography,,
4,DT223.3-236,History,,
4,DT238-239,Local history and description,,
3,DT241-269,Tunisia (Tunis),,
4,DT253-253.2,Ethnography,,
4,DT253.4-264.49,History,,
4,DT268-269,Local history and description,,
3,DT271-299,Algeria,,
4,DT283-283.6,Ethnography,,
4,DT283.7-295.55,History,,
4,DT298-299,Local history and description,,
3,DT301-330,Morocco,,
4,DT313-313.6,Ethnography,,
4,DT313.7-325.92,History,,
4,DT328-329,Local history and description,,
4,DT330,Spanish Morocco,,
3,DT331-346,Sahara,,
2,DT348-363.3,Central Sub-Saharan Africa,,
2,DT365-469,Eastern Africa,,
3,DT365.5-365.78,History,,
3,DT367-367.8,Northeast Africa,,
3,DT371-390,Ethiopia (Abyssinia),,
4,DT380-380.4,Ethnography,,
4,DT380.5-390,History,,
3,DT391-398,Eritrea,,
3,DT401-409,Somalia. Somaliland and adjacent territory,,
4,DT402.3-402.45,Ethnography,,
4,DT402.5-407.3,History,,
4,DT409,Local history and description,,
3,DT411-411.9,Djibouti. French Territory of the Afars and Issas. French Somaliland,,
4,DT411.42-411.45,Ethnography,,
4,DT411.5-411.83,History,,
4,DT411.9,Local history and description,,
3,DT421-432.5,East Africa. British East Africa,,
3,DT433.2-433.29,Uganda,,
4,DT433.242-433.245,Ethnography,,
4,DT433.252-433.287,History,,
4,DT433.29,Local history and description,,
3,DT433.5-434,Kenya,,
4,DT433.542-433.545,Ethnography,,
4,DT433.552-433.584,History,,
3,DT436-449,Tanzania. Tanganyika. German East Africa,,
4,DT443-443.3,Ethnography,,
4,DT443.5-448.25,History,,
4,DT449.Z2,Zanzibar,,
3,DT450-450.49,Rwanda. Ruanda-Urundi,,
4,DT450.24-450.25,Ethnography,,
4,DT450.26-450.437,History,,
4,DT450.49,Local history and description,,
3,DT450.5-450.95,Burundi,,
4,DT450.64-450.65,Ethnography,,
4,DT450.66-450.855,History,,
4,DT450.95,Local history and description,,
3,DT468-469,Islands (East African coast),,
4,DT469.M21-.M38,Madagascar,,
4,DT469.M39,Mascarene Islands,,
4,DT469.M4-.M495,Mautitius (Ile de France),,
4,DT469.M4975,Mayotte,,
4,DT469.R3-.R5,Reunion,,
4,DT469.S4-.S49,Seychelles,,
2,DT470-671,West Africa. West Coast,,
3,DT477,Upper Guinea,,
3,DT479,Lower Guinea,,
3,DT491-516.9,British West Africa,,
4,DT507,Ashanti Empire,,
4,DT509-509.9,Gambia,,
5,DT509.42-509.45,Ethnography,,
5,DT509.5-509.83,History,,
5,DT509.9,Local history and description,,
4,DT509.97-512.9,Ghana (Gold Coast),,
5,DT510.42-510.43,Ethnography,,
5,DT510.5-512.34,History,,
5,DT512.9,Local history and description,,
4,DT515-515.9,Nigeria,,
5,DT515.42-515.45,Ethnography,,
5,DT515.53-515.842,History,,
5,DT515.9,Local history and description,,
4,DT516-516.9,Sierra Leone,,
5,DT516.42-516.45,Ethnography,,
5,DT516.5-516.82,History,,
5,DT516.9,Local history and description,,
3,DT521-555.9,French West Africa. French Sahara. West Sahara. Sahel,,
4,DT541-541.9,Benin. Dahomey,,
5,DT541.42-541.45,Ethnography,,
5,DT541.5-541.845,History,,
5,DT541.9,Local history and description,,
4,DT543-543.9,Guinea,,
5,DT543.42-543.45,Ethnography,,
5,DT543.5-543.827,History,,
5,DT543.9,Local history and description,,
4,DT545-545.9,Côte d'Ivoire. Ivory Coast,,
5,DT545.42-545.45,Ethnography,,
5,DT545.52-545.83,History,,
5,DT545.9,Local history and description,,
4,DT546.1-546.49,French-speaking Equatorial Africa,,
5,DT546.1-546.19,"Gabon (Gaboon, Gabun)",,
6,DT546.142-546.145,Ethnography,,
6,DT546.15-546.183,History,,
6,DT546.19,Local history and description,,
5,DT546.2-546.29,Congo (Brazzaville). Middle Congo,,
6,DT546.242-546.245,Ethnography,,
6,DT546.25-546.283,History,,
6,DT546.29,Local history and description,,
5,DT546.3-546.39,Central African Republic. Central African Empire. Ubangi-Shari,,
6,DT546.342-546.345,Ethnography,,
6,DT546.348-546.3852,History,,
6,DT546.39,Local history and description,,
5,DT546.4-546.49,Chad (Tchad),,
6,DT546.442-546.445,Ethnography,,
6,DT546.449-546.483,History,,
6,DT546.49,Local history and description,,
4,DT547-547.9,Niger,,
5,DT547.42-547.45,Ethnography,,
5,DT547.5-547.83,History,,
5,DT547.9,Local history and description,,
4,DT548,West Sahara,,
4,DT549-549.9,Senegal,,
5,DT549.42-549.45,Ethnography,,
5,DT549.47-549.83,History,,
5,DT549.9,Local history and description,,
4,DT551-551.9,Mali. Mali Federation. Sudanese Republic. French Sudan,,
5,DT551.42-551.45,Ethnography,,
5,DT551.5-551.82,History,,
5,DT551.9,Local history and description,,
4,DT554-554.9,Mauritania,,
5,DT554.42-554.45,Ethnography,,
5,DT554.52-554.83,History,,
5,DT554.9,Local history and description,,
4,DT555-555.9,Burkina Faso. Upper Volta,,
5,DT555.42-555.45,Ethnography,,
5,DT555.517-555.837,History,,
5,DT555.9,Local history and description,,
3,DT561-581,"Cameroon (Cameroun, Kamerun)",,
4,DT570-571,Ethnography,,
4,DT572-578.4,History,,
4,DT581,Local history and description,,
3,DT582-582.9,Togo. Togoland,,
4,DT582.42-582.45,Ethnography,,
4,DT582.5-582.82,History,,
4,DT582.9,Local history and description,,
3,DT591-615.9,Portuguese-speaking West Africa,,
4,DT613-613.9,Guinea-Bissau. Portuguese Guinea,,
5,DT613.42-613.45,Ethnography,,
5,DT613.5-613.83,History,,
5,DT613.9,Local history and description,,
4,DT615-615.9,Sao Tome and Principe,,
5,DT615.42-615.45,Ethnography,,
5,DT615.5-615.8,History,,
5,DT615.9,Local history and description,,
3,DT619-620.9,Spanish West Africa,,
4,DT620-620.9,Equatorial Guinea (Spanish Guinea),,
5,DT620.42-620.45,Ethnography,,
5,DT620.46-620.83,History,,
5,DT620.9,Local history and description,,
3,DT621-637,Liberia,,
4,DT630-630.5,Ethnography,,
4,DT630.8-636.53,History,,
3,DT639,Congo (Kongo) River region,,
3,DT641-665,Zaire. Congo (Democratic Republic). Belgian Congo,,
4,DT649.5-650,Ethnography,,
4,DT650.2-663,History,,
4,DT665,Local history and description,,
3,DT669-671,Islands,,
4,DT671.C2,Cape Verde,,
2,DT1001-1190,Southern Africa,,
3,DT1054-1058,Ethnography,,
3,DT1062-1182,History,,
3,DT1190,Local history and description,,
2,DT1251-1465,Angola,,
3,DT1304-1308,Ethnography,,
3,DT1314-1436,History,,
3,DT1450-1465,Local history and description,,
2,DT1501-1685,Namibia. South-West Africa,,
3,DT1554-1558,Ethnography,,
3,DT1564-1651,History,,
3,DT1670-1685,Local history and description,,
2,DT1701-2405,South Africa,,
3,DT1754-1770,Ethnography,,
4,DT1757,Apartheid,,
4,DT1758-1760,Blacks,,
3,DT1772-1974,History,,
3,DT1991-2054,Cape Province. Cape of Good Hope,,
3,DT2075-2145,Orange Free State. Oranje Vrystaat,,
3,DT2181-2278,KwaZulu-Natal. Natal,,
3,DT2291-2378,Transvaal. South African Republic,,
2,DT2421-2525,Botswana. Bechuanaland,,
3,DT2454-2458,Ethnography,,
3,DT2464-2502,History,,
2,DT2541-2686,Lesotho. Basutoland,,
3,DT2592-2596,Ethnography,,
3,DT2604-2660,History,,
3,DT2680-2686,Local history and description,,
2,DT2701-2825,Swaziland,,
3,DT2744-2746,Ethnography,,
3,DT2754-2806,History,,
3,DT2820-2825,Local history and description,,
2,DT2831-2864,British Central Africa. Federation of Rhodesia and Nyasaland,,
2,DT2871-3025,Zimbabwe. Southern Rhodesia,,
3,DT2910-2913,Ethnography,,
3,DT2914-3000,History,,
3,DT3020-3025,Local history and description,,
2,DT3031-3145,Zambia. Northern Rhodesia,,
3,DT3054-3058,Ethnography,,
3,DT3064-3119,History,,
3,DT3140-3145,Local history and description,,
2,DT3161-3257,Malawi. Nyasaland,,
3,DT3189-3192,Ethnography,,
3,DT3194-3237,History,,
3,DT3252-3257,Local history and description,,
2,DT3291-3415,Mozambique,,
3,DT3324-3328,Ethnography,,
3,DT3330-3398,History,,
3,DT3410-3415,Local history and description,,
1,DU1-950,History of Oceania (South Seas),,
2,DU28.11-68,History,,
2,DU80-398,Australia,,
3,DU108-117.2,History,,
3,DU120-125,Ethnography,,
4,DU125,Australian aborigines,,
3,DU145,Australian Capital Territory. Canberra,,
3,DU150-180,New South Wales,,
4,DU170-172,History,,
4,DU178-180,Local history and description,,
3,DU182-198,Tasmania. Van Diemen's Land,,
4,DU190-195.3,History,,
3,DU200-230,Victoria,,
4,DU220-222,History,,
4,DU228-230,Local history and description,,
3,DU250-280,Queensland,,
4,DU270-272,History,,
4,DU278-280,Local history and description,,
3,DU300-330,South Australia,,
4,DU320-322,History,,
4,DU328-330,Local history and description,,
3,DU350-380,Western Australia,,
4,DU370-372,History,,
4,DU378-380,Local history and description,,
3,DU390,Central Australia,,
3,DU391,Northern Australia,,
3,DU392-398,Northern Territory of Australia,,
2,DU400-430,New Zealand,,
3,DU419-422,History,,
3,DU422.5-424.5,Ethnography,,
4,DU422.8-424,Maoris,,
3,DU428-430,Local history and description,,
2,DU490,Melanesia (General),,
2,DU500,Micronesia (General),,
2,DU510,Polynesia (General),,
2,DU520-950,Smaller island groups,,
3,DU620-629,Hawaiian Islands. Hawaii,,
3,DU739-747,New Guinea,,
3,DU810-819,Samoan Islands,,
1,DX101-301,History of Romanies,,
0,E-F,HISTORY OF THE AMERICAS,,
1,E11-143,America,,
2,E11-29,General,,
3,E29,Elements in the population,,
2,E31-49.2,North America,,
2,E51-73,Pre-Columbian America. The Indians,,
2,E75-99,Indians of North America,,
3,E81-83,Indian wars,,
3,E99,Indian tribes and cultures,,
2,E101-135,Discovery of America and early explorations,,
3,E103-110,Pre-Columbian period,,
3,E111-120,Columbus,,
3,E121-135,Post-Columbian period. El Dorado,,
2,E141-143,Descriptive accounts of America. Earliest to 1810,,
1,E151-889,United States,,
2,E151-169.12,General,,
2,E171-183.9,History,,
3,E171-180,General,,
4,E173,Sources and documents,,
4,E175-175.7,Historiography,,
4,E176-176.8,Biography,,
4,E179.5,Historical geography,,
3,E181,Military history,,
3,E182,Naval history,,
3,E183-183.3,Political history,,
2,E183.7-183.9,Diplomatic history. Foreign and general relations.,,
3,E183.8,Relations with individual countries,,
2,E184-185.98,Elements in the population,,
3,E184.5-185.98,Afro-Americans,,
4,E185.2-185.89,Status and development since emancipation,,
4,E185.96-185.98,Biography. Genealogy,,
2,E186-199,Colonial history (1607-1775),,
3,E186-189,General,,
3,E191-199,By period,,
4,E191,1607-1689,,
4,E195-199,1689-1775,,
5,E196,"King William's War, 1689-1697",,
5,E197,"Queen Anne's War, 1702-1713",,
5,E198,"King George's War, 1744-1748",,
5,E199,"French and Indian War, 1755-1763",,
2,E201-298,"The Revolution, 1775-1783",,
2,E300-453,"Revolution to the Civil War, 1775/1783-1861",,
3,E300-302.6,General,,
4,E302,Collected works of American statemen,,
4,E302.1,Political history,,
4,E302.5-302.6,Biography (Late eighteenth century),,
3,E303-440.5,By period,,
4,E303-309,"1775-1789. The Confederation, 1783-1789",,
4,E310-337,1789-1809. Constitutional period,,
5,E310.7,Diplomatic history. Foreign and general relations,,
5,E311-320,"Washington's administrations, 1789-1797",,
5,E321-330,"John Adams' administration, 1797-1801",,
6,E323,"Troubles with France, 1796-1800",,
5,E331-337,"Jefferson's administrations, 1801-1809",,
6,E333,"Purchase of Louisiana, 1803",,
6,E335,"War with Tripoli, 1801-1805",,
6,E336-336.5,"Neutral trade and its restrictions, 1800-1810",,
4,E337.5,Nineteenth century (General),,
4,E337.8-400,"Early nineteenth century, 1801/1809-1845",,
5,E337.8-340,General,,
6,E337.8,Collected works of American statesmen,,
6,E339-340,Biography,,
5,E341-370,"Madison's administrations, 1809-1817",,
6,E351.5-364.9,War of 1812,,
6,E365,"War with Algeria, 1815",,
5,E371-375,"Monroe's administrations, 1817-1825",,
6,E373,"Missouri Compromise, 1820",,
6,E374,Diplomatic history. Foreign relations,,
5,E376-380,"John Quincy Adams' administration, 1825-1829",,
5,E381-385,"Jackson's administrations, 1829-1837",,
6,E384.3,Nullification,,
5,E386-390,"Van Buren's administration, 1837-1841",,
5,E391-392,"William H. Harrison's administration, March 4-April 4, 1841",,
5,E396-400,"Tyler's administration, April 4, 1841-1845",,
6,E398,"Northeastern boundary disputes, 1783-1845",,
4,E401-415.2,"Mexican War, 1846-1848",,
5,E408,Mexican cessions of 1848,,
4,E415.6-440.5,"Middle nineteenth century, 1845/1848-1861",,
5,E415.6-415.9,General,,
6,E415.6,Collected works of American statesmen,,
6,E415.8-415.9,Biography,,
5,E416-420,"Polk's administration, 1845-1849",,
5,E421-423,"Taylor's administiration, 1849-July 9, 1850",,
6,E423,"Slavery question, 1849-1853",,
5,E426-430,"Fillmore's administration, July 9, 1850-1853",,
5,E431-435,"Pierce's administration, 1853-1857",,
6,E433,"Slavery question, 1853-1857",,
5,E436-440.5,"Buchanan's administration, 1857-1861",,
6,E438,"Slavery question, 1857-1861",,
6,E440.5,"State of the country, November 1860-March 4, 1861",,
3,E441-453,Slavery in the United States. Antislavery movements,,
2,E456-655,"Civil War period, 1861-1865",,
3,E456-459,"Lincoln's administrations, 1861-April 15, 1865",,
3,E461-655,"The Civil War, 1861-1865",,
3,E482-489,Confederate States of America,,
3,E491-586,Armies. Troops,,
3,E591-600,Naval history,,
2,E660-738,"Late nineteenth century, 1865-1900",,
3,E660-664,General,,
4,E660,Collected works of American statesmen,,
4,E661.7,Diplomatic history. Foreign and general relations,,
4,E663-664,Biography,,
3,E666-670,"Andrew Johnson's administration, April 15, 1865-1869",,
4,E668,"Reconstruction, 1865-1877",,
4,E669,"Purchase of Alaska, 1867",,
3,E671-680,"Grant's administrations, 1869-1877",,
3,E681-685,"Hayes' administration, 1877-1881",,
3,E686-687.9,"Garfield's administration, March 4-September 19, 1881",,
3,E691-695,"Arthur's administration, September 19, 1881-1885",,
3,E696-700,"Cleveland's first administration, 1885-1889",,
3,E701-705,"Benjamin Harrison's administration, 1889-1893",,
3,E706-710,"Cleveland's second administration, 1893-1897",,
3,E711-738,"McKinley's first administration, 1897-1901",,
4,E713,"Annexation in 1898 of Hawaii, the Philippines, and Puerto Rico",,
4,E714-735,War of 1898 (Spanish-American War),,
2,E740-837.7,Twentieth century,,
3,E740-749,General,,
4,E740.5,Sources and documents,,
4,E742.5,Collected works of American statesmen,,
4,E743-743.5,Political history,,
5,E743.5,Un-American activities,,
4,E744-744.5,Diplomatic history. Foreign and general relations,,
4,E745,Military history,,
4,E746,Naval history,,
4,E747-748,Biography,,
3,E751,"McKinley's second administration, March 4-September 14, 1901",,
3,E756-760,"Theodore Roosevelt's administrations, September 14, 1901-1909",,
3,E761-765,"Taft's administration, 1909-1913",,
3,E766-783,"Wilson's administrations, 1913-1921",,
4,E768,"Purchase of Danish West Indies (Virgin Islands), 1917",,
4,E780,Internal history during World War I,,
3,E784-805,"1919-1933. Harding-Coolidge-Hoover era. ""The twenties""",,
4,E785-786,"Harding's administration, 1921-August 2, 1923",,
4,E791-796,"Coolidge's administration, August 2, 1923-1929",,
4,E801-805,"Hoover's administration, 1919-1933",,
3,E806-812,"Franklin Delano Roosevelt's administrations, 1933-April 12, 1945",,
3,E813-816,"Truman's administrations, April 12, 1945-1953",,
3,E835-837.7,"Eisenhower's administrations, 1953-1961",,
2,E838-889,"Later twentieth century, 1961-2000",,
3,E838-840.8,General,,
4,E838.3,Sources and documents,,
4,E839.5-839.8,Political history,,
5,E839.8,Un-American activities,,
4,E840-840.2,Diplomatic history. Foreign and general relations,,
4,E840.6-840.8,Biography (General),,
3,E841-843,"Kennedy's administration, 1961-November 22, 1963",,
4,E842.9,"Assassination, funeral, memorial services, etc.",,
3,E846-851,"Johnson's administrations, November 22, 1963-1969",,
3,E855-861,"Nixon's administrations, 1969-August 9, 1974",,
4,E860-861,Watergate Affair. Resignation,,
3,E865-868,"Ford's administration, August 9, 1974-1977",,
3,E872-875,"Carter's administration, 1977-1981",,
3,E876-880,"Reagan's administrations, 1981-1989",,
4,E877.3,Assassination attempt,,
3,E881-884,"George H. W. Bush's administration, 1989-1993",,
3,E885-889,"Clinton's administrations, 1993-2001",,
2,E895-904,Twenty-first century,,
3,E902-904,"George W. Bush's administrations, 2001-2009",,
3,E907-909,"Barack Obama=s administration, 2009-",,
1,F1-975,United States local history,,
2,F1-15,New England,,
3,F16-30,Maine,,
3,F31-45,New Hampshire,,
3,F46-60,Vermont,,
3,F61-75,Massachusetts,,
3,F76-90,Rhode Island,,
3,F91-105,Connecticut,,
2,F106,Atlantic coast. Middle Atlantic States,,
3,F116-130,New York,,
3,F131-145,New Jersey,,
3,F146-160,Pennsylvania,,
3,F161-175,Delaware,,
3,F176-190,Maryland,,
3,F191-205,District of Columbia. Washington,,
2,F206-220,The South. South Atlantic States,,
3,F221-235,Virginia,,
3,F236-250,West Virginia,,
3,F251-265,North Carolina,,
3,F266-280,South Carolina,,
3,F281-295,Georgia,,
2,F296-301,Gulf States. West Florida,,
3,F306-320,Florida,,
3,F321-335,Alabama,,
3,F336-350,Mississippi,,
3,F350.5-355,Mississippi River and Valley. Middle West,,
3,F366-380,Louisiana,,
3,F381-395,Texas,,
2,F396,Old Southwest. Lower Mississippi Valley,,
3,F406-420,Arkansas,,
3,F431-445,Tennessee,,
3,F446-460,Kentucky,,
3,F461-475,Missouri,,
2,F476-485,Old Northwest. Northwest Territory,,
3,F486-500,Ohio,,
3,F516-520,Ohio River and Valley,,
3,F521-535,Indiana,,
3,F536-550,Illinois,,
3,F550.5-553.2,The Lake region. Great Lakes,,
3,F561-575,Michigan,,
3,F576-590,Wisconsin,,
2,F590.3-596.3,The West. Trans-Mississippi Region. Great Plains,,
3,F597,The Northwest,,
3,F598,Missouri River and Valley,,
3,F601-615,Minnesota,,
3,F616-630,Iowa,,
3,F631-645,North Dakota,,
3,F646-660,South Dakota,,
3,F661-675,Nebraska,,
3,F676-690,Kansas,,
3,F691-705,Oklahoma,,
2,F721-722,Rocky Mountains. Yellowstone National Park,,
3,F726-740,Montana,,
3,F741-755,Idaho,,
3,F756-770,Wyoming,,
3,F771-785,Colorado,,
2,F786-790,"New Southwest. Colorado River, Canyon, and Valley",,
3,F791-805,New Mexico,,
3,F806-820,Arizona,,
3,F821-835,Utah,,
3,F836-850,Nevada,,
2,F850.5-851.5,Pacific States,,
3,F851.7,Cascade Range,,
3,F852-854,Pacific Northwest. Columbia River and Valley. Northwest boundary since 1846,,
3,F856-870,California,,
3,F871-885,Oregon,,
3,F886-900,Washington,,
3,F901-951,Alaska,,
4,F951,Bering Sea and Aleutian Islands,,
2,F965,The territories of the United States (General),,
2,F970,Insular possessions of the United States (General),,
2,F975,"Central American, West Indian, and other countries protected by and having close political affiliations with the United States (General)",,
1,F1001-1145.2,British America,,
2,BritishAmericaCanada,Canada,,
3,F1001-1035,General,,
3,F1035.8,Maritime provinces. Atlantic coast of Canada,,
4,F1036-1040,Nova Scotia. Acadia,,
4,F1041-1045,New Brunswick,,
4,F1046-1049.7,Prince Edward Island,,
3,F1050,"St. Lawrence Gulf, River and Valley (General)",,
4,F1051-1055,Quebec,,
4,F1056-1059.7,Ontario,,
3,F1060-1060.97,Canadian Northwest. Northwest Territories,,
4,F1061-1065,Manitoba,,
4,F1067,Assiniboia,,
4,F1070-1074.7,Saskatchewan,,
4,F1075-1080,Alberta,,
4,F1086-1089.7,British Columbia,,
4,F1090,Rocky Mountains of Canada,,
4,F1090.5,Arctic regions,,
4,F1091-1095.5,Yukon,,
4,F1096-1100.5,Mackenzie,,
4,F1101-1105.7,Franklin,,
4,F1106-1110.5,Keewatin,,
3,F1121-1139,Newfoundland,,
4,F1135-1139,Labrador,,
3,F1140,The Labrador Peninsula,,
3,F1141-1145.2,Nunavut,,"Other than Canada Bahamas, see F1650+ Bermudas, see F1630+ British East asnd West Florida, 1763-1783, see F301, F314 British Guiana, see F2361+ British Honduras (Belize), see F1441+ British West Indies, see F2131+ Falkland Islands, see F3031+ Thirteen North American Colonies before 1776, see E186+ Dutch America Colony in Brazil, 1625-1661, see F2532 Dutch Guinea, see F2401+ Dutch West Indies, see F2141 New Netherlands to 1664, see F122.1 New Sweden (Dutch possession, 1655-1664), see F167"
1,F1170,French America,,
2,FrenchAmericaSaintPierreAndMiquelon,Saint Pierre and Miquelon,,"Other French America Colony in Brazil, 1555-1567, see F2529 Colony in Florida, 1562-1565, see F314 French Guinana, see F2441+ French West Indies, see F2151 Louisiana, 1698-1803, see F372 New France and Acadia, 1600-1763, see F1030, F1038"
1,F1201-3799,Latin America. Spanish America,,
2,F1201-1392,Mexico,,
3,F1218.5-1221,Antiquities. Indians,,
2,F1401-1419,Latin America (General),,
2,F1421-1440,Central America,,
3,F1435-1435.3,Mayas,,
3,F1441-1457,Belize,,
3,F1461-1477,Guatemala,,
3,F1481-1497,Salvador (El Salvador),,
3,F1501-1517,Honduras,,
3,F1521-1537,Nicaragua,,
3,F1541-1557,Costa Rica,,
3,F1561-1577,Panama,,
4,F1569.C2,Canal Zone. Panama Canal,,
2,F1601-1629,West Indies,,
3,F1630-1640,Bermudas,,
3,F1650-1660,Bahamas,,
3,F1741-1991,Greater Antilles,,
4,F1751-1854.9,Cuba,,
5,F1788-1788.22,Communist regime,,
4,F1861-1896,Jamaica,,
4,F1900-1941,Haiti (Island). Hispaniola,,
5,F1912-1930,Haiti (Republic),,
5,F1931-1941,Dominican Republic,,
4,F1951-1983,Puerto Rico,,
4,F1991,Navassa,,
3,F2001-2151,Lesser Antilles,,"Groups of islands, by geographical distribution"
5,F2006,Leeward islands,,
5,F2011,Windward Islands,,
5,F2016,Islands along Venezuela coast,,
4,F2033-2129,Individual islands,,"Groups of islands, by political allegiance"
5,F2131-2133,British West Indies,,
5,F2136,Virgin Islands of the United States,,
5,F2141,Netherlands West Indies. Dutch West Indies,,
5,F2151,French West Indies,,
2,F2155-2191,Caribbean area. Caribbean Sea,,
2,F2201-3799,South America,,
3,F2201-2239,General,,
3,F2251-2299,Colombia,,
3,F2301-2349,Venezuela,,
3,F2351,Guiana,,
4,F2361-2391,Guyana. British Guiana,,
4,F2401-2431,Surinam,,
4,F2441-2471,French Guiana,,
3,F2501-2659,Brazil,,
3,F2661-2699,Paraguay,,
3,F2701-2799,Uruguay,,
3,F2801-3021,Argentina,,
3,F3031-3031.5,Falkland Islands,,
3,F3051-3285,Chile,,
3,F3301-3359,Bolivia,,
3,F3401-3619,Peru,,
3,F3701-3799,Ecuador,,
0,G,GEOGRAPHY. ANTHROPOLOGY. RECREATION,,
1,G1-922,Geography (General),,
2,G65-69,Geographers,,
2,G70-70.6,Philosophy. Relation to other topics. Methodology,,
2,G80-99,History of geography,,
2,G100.5-108.5,Toponymy,"Including gazetteers, geographic names and terms",
2,G140,Great cities of the world,,
2,G141,Historical geography,,
2,G142,Aerial geography,,
2,G149-180,Travel. Voyages and travels (General),,
3,G154.9-155.8,Travel and state. Tourism,,
2,G200-336,"History of discoveries, explorations, and travel",,
2,G369-503,Special voyages and travels,,
2,G521-539,"Adventures, shipwrecks, buried treasure, etc.",,
2,G540-550,"Seafaring life, ocean travel, etc.",,
2,G575-890,Arctic and Antarctic regions,,
2,G905-910,Tropics (General),,
2,G912-922,Northern and Southern Hemispheres,,
1,G1000-3122,Atlases,,
2,G1000-1000.5,"Atlases of the moon, planets, etc.",,
2,G1001-1046,World atlases. Atlases of the Earth,,
2,G1050-1052,Northern and Southern Hemispheres,,
2,G1053,Tropics. Torrid Zone,,
2,G1054-1055,Polar regions. Frigid Zone,,
2,G1059-1061,Maritime atlases (General),,
2,G1100-3102,By region or country,,
3,G1100-1779,America. Western Hemisphere,,
4,G1105-1692,North America,,
5,G1110-1114,Greenland,,
5,G1115-(1193),Canada,,
5,G1200-1534.24,United States,,
5,G1535-1537,Caribbean area,,
5,G1540-1542,Latin America (General),,
5,G1545-1549,Mexico,,
5,G1550-(1594),Central America,,
5,G1600-1692,West Indies,,
4,G1700-1779,South America,,
3,G1780-2799,"Eastern Hemisphere. Eurasia, Africa, etc.",,
4,G1791-2196,Europe,,
5,G2110-2196,Former Soviet republics. Union of Soviet Socialist Republics (U.S.S.R.). Russia (Empire),,
4,G2200-2444.84,Asia,,
4,G2445-2739,Africa,,
3,G2740-2799,Australasia,,
3,G2800-3064,Oceans (General),,
3,G3100-3102,Antarctica,,
2,G3122,"Atlases of imaginary, literary, and mythological regions, etc., A-Z",,
1,G3160-3171,Globes,,
1,G3180-9980,Maps,,
2,G3180-3182,Universe. Solar system,,
2,G3190-3191,Celestial maps,,
2,G3195-3197,Moon,,
2,G3200-3202,World. Earth,,
2,G3210-3221,Northern and Southern Hemispheres,,
2,G3240-3241,Tropics. Torrid Zone,,
2,G3250-3251,Temperate Zone,,
2,G3260-3272,Polar regions. Frigid Zone,,
2,G3290-9880,By region or country,,
3,G3290-5667,America. Western Hemisphere,,
4,G3300-5184,North America,,
5,G3380-3384,Greenland,,
5,G3400-(3612),Canada,,
5,G3700-4384,United States,,
5,G4390-4392,Caribbean area,,
5,G4410-4763,Mexico,,
5,G4800-4874,Central America,,
5,G4900-5184,West Indies,,
4,G5200-5667,South America,,
3,G5670-8904,"Eastern Hemisphere. Eurasia, Africa, etc.",,
4,G5700-7342,Europe,,
5,G7000-7342,Former Soviet republics. Union of Soviet Socialist Republics (U.S.S.R.). Russia (Empire),,
4,G7400-8198.54,Asia,,
4,G8200-8904,Africa,,
3,G8950-9084,Australasia,,
3,G9095-9794,Oceans (General),,
3,G9800-9804,Antarctica,,
2,G9900-9980,Unlocalized maps,,
1,GA1-1776,Mathematical geography. Cartography,,
2,GA51-87,Surveys (General),,
2,GA101-1776,Cartography,,
3,GA109,Aerial cartography,,
3,GA109.5,Cadastral mapping,,
3,GA109.8,Statistical mapping,,
3,GA110-115,Projection,,
3,GA125-155,"Map drawing, modeling, printing, reading, etc.",,
3,GA192-197.3,"Collections of maps, globes, etc. Map libraries",,
3,GA197.5-198,Cartographers,,
3,GA260-288,Globe making. Globes,,
3,GA300-325,"World maps, general atlases, etc.",,
3,GA341-1776,Maps. By region or country,,
1,GB3-5030,Physical geography,,
2,GB400-649,Geomorphology. Landforms. Terrain,,
3,GB447,Climatic geomorphology,,
3,GB448,Slopes,,
3,GB450-460,Coasts,,
3,GB461-468.995,Reefs,,
3,GB471-478.995,Islands,,
3,GB500-555,Mountains. Orography,,
3,GB561-649,"Other natural landforms: Floodplains, caves, deserts, dunes, etc.",,
2,GB651-2998,Hydrology. Water,,
3,GB980-2998,Ground and surface waters,,
4,GB980-992,Watersheds. Runoff. Drainage,,
4,GB1001-1199.8,Groundwater. Hydrogeology,,
4,GB1201-1598,Rivers. Stream measurements,,
4,GB1601-2398,Lakes. Limnology. Ponds. Lagoons,,
4,GB2401-2598,Ice. Glaciers. Ice sheets. Sea ice,,
4,GB2601-2798,Snow. Snow surveys,,
4,GB2801-2998,Hydrometeorology,,
2,GB5000-5030,Natural disasters,,
1,GC1-1581,Oceanography,,
2,GC63,Oceanographic expeditions,,
2,GC65-78,Underwater exploration,,
2,GC83-87.6,Submarine topography,,
2,GC96-97.8,Estuarine oceanography,,
2,GC100-103,Seawater,,
2,GC109-149,Chemical oceanography,,
2,GC150-182,Physical oceanography,,
3,GC151-155,Density,,
3,GC160-177,Temperature,,
3,GC177.6-182,Optical oceanography,,
2,GC190-190.5,Ocean-atmosphere interaction,,
2,GC200-376,Dynamics of the ocean,,
3,GC205-227,Waves,,
3,GC228.5-228.6,Ocean circulation,,
3,GC229-296.8,Currents,,
3,GC297-299,Water masses and oceanic mixing,,
3,GC300-376,Tides,,
2,GC377-399,Marine sediments,,
2,GC401-881,Oceanography. By region,,
2,GC1000-1023,Marine resources. Applied oceanography,,
2,GC1080-1581,Marine pollution. Sea water pollution,,
1,GE1-350,Environmental sciences,,
2,GE70-90,Environmental education,,
2,GE170-190,Environmental policy,,
2,GE195-199,Environmentalism. Green movement,,
2,GE300-350,Environmental management,,
1,GF1-900,Human ecology. Anthropogeography,,
2,GF51,Environmental influences on humans,,
2,GF75,Human influences on the environment,,
2,GF101-127,Settlements,,
3,GF125,Cities. Urban geography,,
3,GF127,Rural settlements. Rural geography,,
2,GF500-900,By region or country,,
1,GN1-890,Anthropology,,
2,GN49-298,Physical anthropology. Somatology,,
3,GN51-59,Anthropometry,,
3,GN62.8-265,Human variation,"Including growth, physical form, skeleton, nervous system, skin, etc.",
3,GN269-279,Race (General),,
3,GN280.7,Man as an animal. Simian traits versus human traits,,
3,GN281-289,Human evolution,,
4,GN282-286.7,Fossil man. Human paleontology,,
3,GN296-296.5,Medical anthropology,,
2,GN301-674,Ethnology. Social and cultural anthropology,,
3,GN357-367,Culture and cultural processes,"Including social change, structuralism, diffusion, etc.",
3,GN378-396,Collected ethnographies,,
3,GN397-397.7,Applied anthropology,,
3,GN406-517,"Cultural traits, customs, and institutions",,
4,GN406-442,Technology. Material culture,"Including food, shelter, fire, tools, etc.",
4,GN448-450.8,Economic organization. Economic anthropology,,
4,GN451-477.7,Intellectual life,"Including communication, recreation, philosophy, religion, knowledge, etc.",
4,GN478-491.7,Social organization,,
4,GN492-495.2,Political organization. Political anthropology,,
4,GN495.4-498,"Societal groups, ethnocentrism, diplomacy, warfare, etc.",,
4,GN502-517,Psychological anthropology,,
3,GN537-674,Ethnic groups and races,,
4,GN550-674,By region or country,,
2,GN700-890,Prehistoric archaeology,,
1,GR1-950,Folklore,,
2,GR72-79,Folk literature (General),"Including folktales, legends",
2,GR81,"Folk beliefs, superstitions, etc. (General)",,
2,GR99.6-390,By region or country,,
2,GR420-950,By subject,,
3,GR420-426,"Costume, jewelry",,
3,GR430-488,Folklore relating to private life,"Including dreams, love, children, nursery rhymes, etc.",
3,GR500-615,"Supernatural beings, demonology, fairies, ghosts, charms, etc.",,
3,GR620-640,"Cosmic phenomena, weather lore",,
3,GR650-690,Geographical topics,,
3,GR700-860,"Animals, plants, and minerals",,
3,GR865-874,"Transportation, travel, commerce, etc.",,
3,GR880,Medicine. Folk medicine,,
3,GR890-915,Occupations,,
3,GR931-935,Signs and symbols,,
3,GR940-941,Mythical places,,
1,GT1-7070,Manners and customs (General),,
2,GT165-476,Houses. Dwellings,,
2,GT485,Churches and church going,,
2,GT495-499,Human body and its parts. Personal beauty,,
2,GT500-2370,Costume. Dress. Fashion,,
2,GT2400-3390.5,Customs relative to private life,"Including children, marriage, eating and drinking, funeral customs, etc.",
2,GT3400-5090,Customs relative to public and social life,"Including town life, court life, festivals, holidays, ceremonies of royalty, etc.",
2,GT5220-5286,Customs relative to transportation and travel,,
2,GT5320-6737,Customs relative to special classes,,
3,GT5320-5690,"By birth, rank, etc.",,
3,GT5750-6390,By occupation,,
1,GV1-1860,Recreation. Leisure,,
2,GV181.35-181.6,Recreation leadership. Administration of recreation services,,
2,GV182-182.5,Recreational areas and facilities. Recreation centers,,
2,GV191.2-200.66,Outdoor life. Outdoor recreation,,
3,GV191.68-198.975,Camping,,
4,GV198.945-198.975,"Farm vacations, dude ranches, etc.",,
3,GV199-199.62,Hiking. Pedestrian tours,,
3,GV199.8-200.35,Mountaineering,,
3,GV200.4-200.56,Orienteering. Wilderness survival,,
3,GV200.6-200.66,Caving. Spelunking,,
2,GV201-555,Physical education and training,,
3,GV346-351.5,School and college athletics. Intramural and interscholastic athletics,,
3,GV401-433,Physical education facilities. Sports facilities,"Including gymnasiums, athletic fields, playgrounds, etc.",
3,GV435-436.7,"Physical measurements. Physical tests, etc.",,
3,GV450-451.4,Nudism. Sunbathing,,
3,GV460-555,Gymnastics. Gymnastic exercises,"Including calisthenics, heavy exercises, acrobatics, etc.",
2,GV557-1198.995,Sports,,
3,GV711,Coaching,,
3,GV712-725,Athletic contests. Sports events,,
3,GV733-734.5,Professionalism in sports. Professional sports (General),,
3,GV735,Umpires. Sports officiating,,
3,GV743-749,"Athletic and sporting goods, supplies, etc.",,
3,GV750-770.27,"Air sports: Airplane flying, kiteflying, bungee jumping, etc.",,
3,GV770.3-840,"Water sports: Canoeing, sailing, yachting, scuba diving, etc.",,
3,GV840.7-857,"Winter sports: Ice hockey, skiing, bobsledding, snowmobiling, etc.",,
3,GV861-1017,"Ball games: Baseball, football, golf, etc.",,
3,GV1020-1034,Automobile travel. Motoring. Automobile racing,,
3,GV1040-1060.4,Cycling. Bicycling. Motorcycling,,
3,GV1060.5-1098,Track and field athletics,,
3,GV1100-1150.9,"Fighting sports: Bullfighting, boxing, fencing, etc.",,
3,GV1151-1190,Shooting. Archery,,
3,GV1195-1198.995,Wrestling,,
2,GV1199-1570,Games and amusements,,
3,GV1201.5,Hobbies (General),,
3,GV1203-1220.8,Children's games and amusements,,
4,GV1218.5-1220.8,Toys,,
3,GV1221-1469.63,Indoor games and amusements,,
4,GV1232-1299,"Card games: Poker, patience, whist, etc.",,
4,GV1301-1311,Gambling. Chance and banking games,,
4,GV1312-1469,Board games. Move games,"Including chess, go, checkers, etc.",
4,GV1469.15-1469.62,Computer games. Video games. Fantasy games,,
3,GV1470-1511,Parties. Party games and stunts,,
4,GV1491-1507,Puzzles,,
3,GV1541-1561,Parlor magic and tricks,,
3,GV1564-1565,Darts,,
2,GV1580-1799.4,Dancing,,
2,GV1800-1860,"Circuses, spectacles, etc.","Including rodeos, waxworks, amusement parks, etc.",
0,H,SOCIAL SCIENCES,,
1,H1-99,Social sciences (General),,
1,HA1-4737,Statistics,,
2,HA29-32,Theory and method of social science statistics,,
2,HA36-37,Statistical services. Statistical bureaus,,
2,HA38-39,Registration of vital events. Vital records,,
2,HA154-4737,Statistical data,,
3,HA154-155,Universal statistics,,
3,HA175-473,By region or country,,
1,HB1-3840,Economic theory. Demography,,
2,HB71-74,Economics as a science. Relation to other subjects,,
2,HB75-130,History of economics. History of economic theory,Including special economic schools,
2,HB131-147,Methodology,,
3,HB135-147,Mathematical economics. Quantitative methods,"Including econometrics, input-output analysis, game theory",
2,HB201-206,Value. Utility,,
2,HB221-236,Price,,
2,HB238-251,Competition. Production. Wealth,,
2,HB501,Capital. Capitalism,,
2,HB522-715,Income. Factor shares,,
3,HB535-551,Interest,,
3,HB601,Profit,,
3,HB615-715,Entrepreneurship. Risk and uncertainty. Property,,
2,HB801-843,Consumption. Demand,,
2,HB846-846.8,Welfare theory,,
2,HB848-3697,Demography. Population. Vital events,,
2,HB3711-3840,Business cycles. Economic fluctuations,,
1,HC10-1085,Economic history and conditions,,
2,HC79,Special topics,"Including air pollution, automation, consumer demand, famines, flow of funds, etc.",
2,HC92,Economic geography of the oceans (General),,
2,HC94-1085,By region or country,,
1,HD28-9999,Industries. Land use. Labor,,
2,HD28-70,Management. Industrial management,,
3,HD39-40.7,Capital. Capital investments,,
3,HD41,Competition,,
3,HD45-45.2,Technological innovations. Automation,,
3,HD47-47.4,Costs,,
3,HD49-49.5,Crisis management. Emergency management. Inflation,,
3,HD50-50.5,Delegation of authority. Decentralization. Span of control,,
3,HD56-57.5,Industrial productivity,,
3,HD58,Location of industry,,
3,HD58.7-58.95,"Organizational behavior, change and effectiveness. Corporate culture",,
3,HD59-59.6,Public relations. Industrial publicity,,
3,HD60-60.5,Social responsibility of business,,
3,HD61,Risk in industry. Risk management,,
3,HD62,Standardization. Simplification. Waste,,
3,HD62.2-62.8,Management of special enterprises,,
3,HD66-66.2,Work groups. Team work in industry. Quality circles,,
3,HD69,Other,"Including business consultants, capacity, size of industries, etc.",
2,HD72-88,"Economic growth, development, planning",,
2,HD101-1395.5,Land use Land tenure,,
4,HD1286-1289,Communal ownership,,
4,HD1290-1291,Municipal ownership,,
4,HD1301-1313,Nationalization (Agrarian socialism),,
4,HD1326-1329,Large holdings,,
4,HD1330-1331,Landlord and peasant,,
4,HD1332-1333.5,Land reform. Agrarian reform,,
4,HD1334-1335,Consolidation of land holdings,,
4,HD1336-1339,Small holdings. Peasant proprietors. Parcellation,,
3,HD1361-1395.5,Real estate business,,
2,HD1401-2210,Agriculture,,
3,HD1428-1431,International cooperation,,
3,HD1470-1476,Size of farms,,
3,HD1478,Sharecropping,,
3,HD1483-1486,"Agricultural associations, societies, etc.",,
3,HD1491-1491.5,Cooperative agriculture,,
3,HD1492-1492.5,Collective farms,,
3,HD1493-1493.5,Government owned and operated farms. State farms. Sovkhozes,,
3,HD1501-1542,Agricultural classes,"Including farm tenancy, agricultural laborers",
3,HD1549,Gleaning,,
3,HD1580,Reclamation of agricultural land. Melioration,,
3,HD1635-1702,"Utilization and culture of special classes of lands Including pasture lands, water resources development",,
3,HD1711-1741,Irrigation,,
2,HD2321-4730.9,Industry,,
3,HD2329,Industrialization,,
3,HD2330,Rural industries,,
3,HD2331-2336,Home labor. Home-based businesses,,
3,HD2337-2339,Sweatshops,,
3,HD2340.8-2346.5,"Small and medium-sized businesses, artisans, handicrafts, trades",,
2,HD2350.8-2356,Large industry. Factory system. Big business,,
3,HD2365-2385,Contracting. Letting of contracts,,
3,HD2421-2429,Trade associations,,
3,HD2709-2930.7,Corporations,"Including international business enterprises, diversification, industrial concentration, public utilities",
3,HD2951-3575,Cooperation. Cooperative societies,,
3,HD3611-4730.9,"Industrial policy. The state and industrial organization Including licensing of occupations and professions, subsidies, inspection, government ownership, municipal services",,
2,HD4801-8943,Labor. Work. Working class,,
3,HD4861-4895,Labor systems,,
3,HD4909-5100.9,Wages,,
3,HD5106-5267,Hours of labor,"Including overtime, shift work, sick leave, vacations",
3,HD5306-5474,Labor disputes. Strikes and lockouts,,
3,HD5481-5630.7,Industrial arbitration. Mediation and conciliation,,
3,HD5650-5660,Employee participation in management. Employee ownership. Industrial democracy. Works councils,,
3,HD5701-6000.9,Labor market. Labor supply. Labor demand,"Including unemployment, manpower policy, occupational training, employment agencies",
3,HD6050-6305,Classes of labor,"Including women, children, students, middle-aged and older persons, minorities",
3,HD6350-6940.7,Trade unions. Labor unions. Workers' associations,,
3,HD6941-6948,Employers' associations,,
3,HD6951-6957,Industrial sociology. Social conditions of labor,,
3,HD6958.5-6976,Industrial relations,,
3,HD6977-7080,Cost and standard of living,,
3,HD7088-7252,Social insurance. Social security. Pension,,
3,HD7255-7256,Vocational rehabilitation. Employment of people with disabilities,,
3,HD7260-7780.8,Industrial hygiene. Industrial welfare,,
3,HD7795-8027,Labor policy. Labor and the state,,
3,HD8031,Labor in politics. Political activity of theworking class,,
3,HD8038,Professions (General). Professional employees,,
3,HD8039,By industry or trade,,
3,HD8045-8943,By region or country,,
2,HD9000-9999,Special industries and trades,,
3,HD9000-9495,Agricultural industries,,
3,HD9502-9502.5,Energy industries. Energy policy. Fuel trade,,
3,HD9506-9624,Mineral industries. Metal trade,,
3,HD9650-9663,Chemical industries,,
3,HD9665-9675,Pharmaceutical industry,,
3,HD9680-9714,Mechanical industries,"Including electric utilities, electronic industries, and machinery",
3,HD9715-9717.5,Construction industry,,
3,HD9720-9975,Manufacturing industries,,
3,HD9999,Miscellaneous industries and trades,,
1,HE1-9990,Transportation and communications,,
2,HE199-199.5,Freight (General),,
2,HE199.9,Passenger traffic (General),,
2,HE305-311,Urban transportation,,
2,HE323-328,Transportation geography. Trade routes,,
2,HE331-380,Traffic engineering. Roads and highways. Streets,,
3,HE369-373,Traffic surveys (General),,
3,HE374-377,Bridges,,
3,HE379-380,Tunnels. Vehicular tunnels,,
2,HE380.8-971,Water transportation,,
3,HE380.8-560,Waterways,,
3,HE561-971,Shipping,,
4,HE730-943,Merchant marine. Ocean shipping. Coastwise shipping,,
2,HE1001-5600,Railroads. Rapid transit systems,,
2,HE5601-5725,Automotive transportation,"Including trucking, bus lines, and taxicab service",
2,HE5746-5749,Stage lines,,
2,HE5751-5870,Ferries,,
2,HE5880-5990,Express service,,
2,HE6000-7500,Postal service. Stamps. Philately,,
2,HE7511-7549,Pneumatic service,,
2,HE7601-8700.9,Telecommunication industry. Telegraph,,
3,HE8660-8688,Wireless telegraph. Radiotelegraphy,,
3,HE8689-8700.95,Radio and television broadcasting,,
2,HE8701-9680.7,Telephone industry,,
2,HE9713-9715,Cellular telephone services industry. Wireless telephone industry,,
2,HE9719-9721,Artificial satellite telecommunications,,
2,HE9723-9737,Signaling,,
2,HE9751-9756,Messenger service,,
2,HE9761-9900,Air transportation. Airlines,,
1,HF1-6182,Commerce,,
2,HF294-343,Boards of trade. Chambers of commerce. Merchants' associations,,
2,HF1014,Balance of trade,,
2,HF1021-1027,Commercial geography. Economic geography,,
2,HF1040-1054,Commodities. Commercial products,,
2,HF1701-2701,Tariff. Free trade. Protectionism,,
2,HF3000-4055,By region or country,,
2,HF5001-6182,Business,,
3,HF5381-5386,Vocational guidance. Career development,,
3,HF5387-5387.5,Business ethics,,
3,HF5410-5417.5,Marketing. Distribution of products,,
3,HF5419-5422,Wholesale trade,,
3,HF5428-5429.6,Retail trade,,
3,HF5429.7-5430.6,Shopping centers. Shopping malls,,
3,HF5437-5444,Purchasing. Selling. Sales personnel. Sales executives,,
3,HF5446-5459,Canvassing. Peddling,,
3,HF5460-5469.5,Department stores. Mail order business. Supermarkets. Convenience stores,,
2,HF5469.7-5481,Markets. Fairs,,
3,HF5482-5482.4,Secondhand trade,,
3,HF5482.6-5482.65,Black market,,
3,HF5484-5495,Warehouses. Storage,,
3,HF5520-5541,Office equipment and supplies,,
3,HF5546-5548.6,Office management,,
3,HF5548.7-5548.85,Industrial psychology,,
3,HF5549-5549.5,Personnel management. Employment management,,
3,HF5601-5689,Accounting. Bookkeeping,,
3,HF5691-5716,Business mathematics. Commercial arithmetic,"Including tables, etc.",
3,HF5717-5734.7,Business communication,"Including business report writing, business correspondence",
3,HF5735-5746,Business records management,,
3,HF5761-5780,Shipment of goods. Delivery of goods,,
3,HF5801-6182,Advertising,,
1,HG1-9999,Finance,,
2,HG178,Liquidity,,
2,HG179,Personal finance,,
2,HG201-1496,Money,,
3,HG258-312,Precious metals. Bullion,,
3,HG315,Small coins,,
3,HG321-329,Mints. Assaying,,
3,HG335-339,Counterfeiting,,
3,HG348-353.5,Paper money,,
3,HG361-363,Legal tender,,
3,HG381-395,International coinage,,
3,HG401-421,Bimetallism,,
3,HG451-1496,By region or country,,
2,HG1501-3550,Banking,,
3,HG1621-1638,Interest rates. Interest tables,,
3,HG1641-1643,Bank loans. Bank credit. Commercial loans,,
3,HG1651-1654,Discount,,
3,HG1655,Acceptances,,
3,HG1656,Bank reserves. Bank liquidity. Loan loss reserves,,
3,HG1660,Bank accounts. Bank deposits. Deposit banking,,
3,HG1662,Insurance of deposits. Deposit insurance,,
3,HG1685-1704,Drafts. Checks,,
3,HG1706-1708,Accounting. Bookkeeping,,
3,HG1709,Data processing,,
3,HG1710-1710.5,Electronic funds transfers,,
3,HG1722,Bank mergers,,
3,HG1723,Bank stocks. Banking as an investment,,
3,HG1725-1778,Banks and the state. State supervision of banks,,
3,HG1811-2351,Special classes of banks and financial institutions,,
3,HG2397-3550,By region or country,,
2,HG3691-3769,Credit. Debt. Loans,"Including credit institutions, credit instruments, consumer credit, bankruptcy",
2,HG3810-4000,Foreign exchange. International finance. International monetary system,,
2,HG4001-4285,Finance management. Business finance. Corporation finance,,
2,HG4301-4480.9,Trust services. Trust companies,,
2,HG4501-6051,"Investment, capital formation, speculation",,
3,HG4530,Investment companies. Investment trusts. Mutual funds,,
3,HG4538,Foreign investments,,
3,HG4551-4598,Stock exchanges,,
3,HG4621,Stockbrokers. Security dealers. Investment advisers,,
3,HG4701-4751,Government securities. Industrial securities. Venture capital,,
3,HG4900-5993,By region or country,,
3,HG6001-6051,Speculation,,
2,HG6105-6270.9,Lotteries,,
2,HG8011-9999,Insurance,,
3,HG8053.5-8054.45,Insurance for professions. Malpractice insurance. Professional liability insurance,,
3,HG8059,Business insurance,,
3,HG8075-8107,Insurance business. Insurance management,,
3,HG8111-8123,Government policy. State supervision,,
3,HG8205-8220,Government insurance,,
3,HG8501-8745,By region or country,,
3,HG8751-9295,Life insurance,,
4,HG8779-8793,Actuarial science. Statistical theory and methodology applied to insurance,,
4,HG8799-8830,"By class insured, by risk, by plan",,
4,HG8835-8899,Life insurance business. Management,,
4,HG8901-8914,Government policy. State supervision,,
4,HG8941-9200.5,By region or country,,
4,HG9201-9245,Mutual life insurance. Assessment life insurance. Fraternal life insurance,,
4,HG9251-9262,Industrial life insurance,,
4,HG9271,Child insurance. Life insurance for children,,
3,HG9291-9295,Maternity insurance,,
3,HG9301-9343,Accident insurance,,
3,HG9371-9399,Health insurance,,
3,HG9651-9899,Fire insurance,,
3,HG9956-9969,Casualty insurance,,
3,HG9969.5-9999,Other insurance,"Including automobile, burglary, credit, disaster, title insurance",
1,HJ9-9940,Public finance,,
2,HJ9-99.8,Periodicals. Serials. By region or country,,
2,HJ210-240,History,,
2,HJ241-1620,By region or country,,
2,HJ2005-2216,Income and expenditure. Budget,,
2,HJ2240-5908,Revenue. Taxation. Internal revenue,,
3,HJ2321-2323,Tax incidence. Tax shifting. Tax equity,,
3,HJ2326-2327,Progressive taxation,,
3,HJ2336-2337,Tax exemption,,
3,HJ2338,Taxation of government property,,
3,HJ2351,Inflation and taxation,,
3,HJ2351.4,Tax revenue estimating,,
3,HJ2361-3192.7,By region or country,,
3,HJ3801-3844,Revenue from sources other than taxation,,
3,HJ3863-3925,Direct taxation,,
3,HJ4113-4601,Property tax,,
3,HJ4629-4830,Income tax,,
3,HJ4919-4936,Capitation. Poll tax,,
3,HJ5309-5510,Administrative fees. User charges. License fees,,
2,HJ6603-7390,Customs administration,,
2,HJ7461-7980,Expenditures. Government spending,,
2,HJ8001-8899,Public debts,,
3,HJ8052,Sinking funds. Amortization,,
3,HJ8101-8899,By region or country,,
2,HJ9103-9695,Local finance. Municipal finance,"Including the revenue, budget, expenditure, etc. of counties, boroughs, communes, municipalities, etc.",
2,HJ9701-9940,Public accounting. Auditing,,
1,HM(1)-1281,Sociology,,
2,(HM1-299),These are obsolete numbers no longer used by the Library of Congress,,
2,HM435-477,History of sociology. History of sociological theory,,
3,HM461-473,Schools of sociology. Schools of social thought,,
2,HM481-554,Theory. Method. Relations to other subjects,,
2,HM621-656,Culture,,
2,HM661-696,Social control,,
2,HM701,Social systems,,
2,HM706,Social structure,,
2,HM711-806,Groups and organizations,,
3,HM756-781,Community,,
3,HM786-806,Organizational sociology. Organization theory,,
2,HM811-821,Deviant behavior. Social deviance,,
2,HM826,Social institutions,,
2,HM831-901,Social change,,
2,HM1001-1281,Social psychology,,
3,HM1041-1101,Social perception. Social cognition,"Including perception of the self and others, prejudices, stereotype",
3,HM1106-1171,Interpersonal relations. Social behavior,,
3,HM1176-1281,Social influence. Social pressure,,
1,HN1-995,Social history and conditions. Social problems. Social reform,,
2,HN30-39,The church and social problems,,
2,HN41-46,Community centers. Social centers,,
2,HN50-995,By region or country,,
1,HQ1-2044,The Family. Marriage. Women,,
2,HQ12-449,Sexual life,,
3,HQ19-30.7,Sexual behavior and attitudes. Sexuality,,
3,HQ31-64,Sex instruction and sexual ethics,,
3,HQ71-72,Sexual deviations,,
3,HQ74-74.2,Bisexuality,,
3,HQ75-76.8,Homosexuality. Lesbianism,,
3,HQ77-77.2,Transvestism,,
3,HQ77.7-77.95,Transexualism,,
3,HQ79,"Sadism. Masochism. Fetishism, etc.",,
3,HQ101-440.7,Prostitution,,
3,HQ447,Masturbation,,
3,HQ449,"Emasculation. Eunuchs, etc.",,
2,HQ450-472,Erotica,,
2,HQ503-1064,The family. Marriage. Home,,
3,HQ750-755.5,Eugenics,,
3,HQ755.7-759.92,Parents. Parenthood,"Including parent and child, husbands, fathers, wives, mothers",
3,HQ760-767.7,Family size,,
3,HQ767.8-792.2,Children. Child development,"Including child rearing, child life, play, socialization, children's rights",
3,HQ793-799.2,Youth. Adolescents. Teenagers,,
3,HQ799.5-799.9,Young men and women,,
3,HQ799.95-799.97,Adulthood,,
3,HQ800-800.4,Single people,,
3,HQ801-801.83,Man-woman relationships. Courtship. Dating,,
3,HQ802,Matrimonial bureaus. Marriage brokerage,,
3,HQ802.5,Matrimonial advertisements,,
3,HQ803,Temporary marriage. Trial marriage. Companionate marriage,,
3,HQ804,Breach of promise,,
3,HQ805,Desertion,,
3,HQ806,Adultery,,
3,HQ811-960.7,Divorce,,
3,HQ961-967,Free love,,
3,HQ981-996,Polygamy,,
3,HQ997,Polyandry,,
3,HQ998-999,Illegitimacy. Unmarried mothers,,
3,HQ1001-1006,The state and marriage,,
3,HQ1051-1057,The church and marriage,,
3,HQ1058-1058.5,Widows and widowers. Widowhood,,
3,HQ1060-1064,Aged. Gerontology (Social aspects). Retirement,,
2,HQ1073-1073.5,Thanatology. Death. Dying,,
2,HQ1075-1075.5,Sex role,,
2,HQ1088-1090.7,Men,,
2,HQ1101-2030.7,Women. Feminism,,
3,HQ1871-2030.7,Women's clubs,,
2,HQ2035-2039,Life skills. Coping skills. Everyday living skills,,
2,HQ2042-2044,Life style,,
1,HS1-3371,"Societies: secret, benevolent, etc.",,
2,HS101-330.7,Secret societies,,
2,HS351-929,Freemasons,,
2,HS951-1179,Odd Fellows,,
2,HS1201-1350,Knights of Pythias,,
2,HS1355,Other societies,,
2,HS1501-2460.7,Other societies. By classes,,
3,HS1501-1510,"Benevolent and ""friendly"" societies and mutual assessment fraternities",,
3,HS1525-1560,Religious societies,,
3,HS1601-2265,Race societies,,
3,HS2275,Occupation societies,,
3,HS2301-2460.7,"Political and ""patriotic"" societies",,
2,HS2501-3371,Clubs. Clubs and societies for special classes,"Including boys' societies, Boy scouts, girls' societies",
1,HT51-1595,Communities. Classes. Races,,
2,HT51-65,Human settlements. Communities,,
2,HT101-395,Urban groups. The city. Urban sociology,,
3,HT161-165,"Garden cities. ""The city beautiful""",,
3,HT165.5-169.9,City planning,,
3,HT170-178,Urban renewal. Urban redevelopment,,
3,HT201-221,City population,"Including children in cities, immigration",
3,HT231,Effect of city life,,
3,HT251-265,Mental and moral life,,
3,HT281,Recreation. Amusements,,
3,HT321-325,The city as an economic factor. City promotion,,
3,HT330-334,Metropolitan areas,,
3,HT351-352,Suburban cities and towns,,
3,HT361-384,Urbanization. City and country,,
3,HT388,Regional economics. Space in economics,,
3,HT390-395,Regional planning,,
2,HT401-485,Rural groups. Rural sociology,,
2,HT601-1445,Classes,,
3,HT621-635,Origin of social classes,,
3,HT641-657,Classes arising from birth,"Including royalty, nobility, commons",
3,HT675-690,Classes arising from occupation,,
3,HT713-725,Caste system,,
3,HT731,Freedmen,,
3,HT751-815,Serfdom,,
3,HT851-1445,Slavery,,
2,HT1501-1595,Races,Including race as a social group and race relations in general,
1,HV1-9960,Social pathology. Social and public welfare. Criminology,,
2,HV40-69,"Social service. Social work. Charity organization and practice Including social case work, private and public relief, institutional care, rural social work, work relief",,
2,HV85-525,By region or country,,
2,HV530,The church and charity,,
2,HV541,Women and charity,,
2,HV544,"Charity fairs, bazaars, etc.",,
2,HV544.5,International social work,,
2,HV547,Self-help groups,,
2,HV551.2-639,Emergency management,,
3,HV553-639,Relief in case of disasters,,
4,HV560-583,Red Cross. Red Crescent,,
4,HV599-639,Special types of disasters,,
2,HV640-645,Refugee problems,,
2,HV650-670,Life saving,,
2,HV675-677,Accidents. Prevention of accidents,,
2,HV680-696,Free professional services,Including medical charities,
2,HV697-4959,"Protection, assistance and relief",,
3,HV697-3024,Special classes,,
4,HV697-700.7,Families. Mothers. Widow's pensions,,
4,HV701-1420.5,Children,,
5,HV835-847,Foundlings,,
5,HV873-887,"Destitute, neglected, and abandoned children. Street children",,
5,HV888-907,Children with disabilities,,
5,HV931-941,Fresh-air funds,,
5,HV959-1420.5,Orphanages. Orphans,,
4,HV1421-1441,Young adults. Youth. Teenagers,,
4,HV1442-1448,Women,,
4,HV1449,Gay men. Lesbians,,
4,HV1450-1494,Aged,,
4,HV1551-3024,People with disabilities,"Including blind, deaf, people with physical and mental disabilities",
3,HV3025-3174,Special classes. By occupation,,
4,HV3025-3163,Mariners,,
4,HV3165-3173,"Shop women, clerks, etc.",,
4,HV3174,Other. By occupation,,
3,HV3176-3199,Special classes. By race or ethnic group,,
3,HV4005-4013,Immigrants,,
3,HV4023-4470.7,Poor in cities. Slums,,
3,HV4480-4630,Mendicancy. Vagabondism. Tramps. Homelessness,,
3,HV4701-4890.9,Protection of animals. Animal rights. Animal welfare,,
3,HV4905-4959,Animal experimentation. Anti-vivisection,,
2,HV4961-4995,Degeneration,,
2,HV5001-5720.5,Alcoholism. Intemperance. Temperance reform,,
2,HV5725-5770,Tobacco habit,,
2,HV5800-5840,Drug habits. Drug abuse,,
2,HV6001-7220.5,Criminology,,
3,HV6035-6197,Criminal anthropology,"Including criminal types, criminal psychology, prison psychology, causes of crime",
3,HV6201-6249,Criminal classes,,
3,HV6250-6250.4,Victims of crimes. Victimology,,
3,HV6251-6773.55,Crimes and offenses,,
3,HV6774-7220.5,Crimes and criminal classes,,
2,HV7231-9960,Criminal justice administration,,
3,HV7428,Social work with delinquents and criminals,,
3,HV7431,"Prevention of crime, methods, etc.",,
3,HV7435-7439,Gun control,,
3,HV7551-8280.7,Police. Detectives. Constabulary,,
4,HV7935-8025,Administration and organization,,
4,HV8031-8080,Police duty. Methods of protection,,
5,HV8035-8069,"Special classes of crimes, offenses and criminals",,
5,HV8073-8079.35,Investigation of crimes. Examination and identification of prisoners,,
5,HV8079.2-8079.35,Police social work,,
5,HV8079.5-8079.55,Traffic control. Traffic accident investigation,,
4,HV8081-8099,Private detectives. Detective bureaus,,
4,HV8130-8280.7,By region or country,,
3,HV8290-8291,Private security services,,
3,HV8301-9920.7,Penology. Prisons. Corrections,,
4,HV9051-9230.7,"The juvenile offender. Juvenile delinquency. Reform schools, etc.",,
4,HV9261-9430.7,Reformation and reclamation of adult prisoners,,
4,HV9441-9920.7,By region or country,,
3,HV9950-9960,By region or country,,
1,HX1-970.7,Socialism. Communism. Anarchism,,
2,HX519-550,Communism/socialism in relation to special topics,,
2,HX626-696,"Communism: Utopian socialism, collective settlements",,
2,HX806-811,Utopias. The ideal state,,
2,HX821-970.9,Anarchism,,
0,J,POLITICAL SCIENCE,,
1,J(1)-981,General legislative and executive papers,,
2,J(1)-(9),Gazettes,,The Library of Congress now classes this material in K
2,J80-87,United States,,
3,J80-82,Presidents' messages and other executive papers,,
2,J100-981,Other regions and countries,,
2,JA1-92,Political science (General),,
3,JA1-26,Periodicals,,
3,JA27-34,Societies,,
3,JA35.5,Congresses,,
3,JA60-64,Dictionaries and encyclopedias,,
3,JA71-80,Theory. Relations to other subjects,,
3,JA81-84,History,,
3,JA86-88,Study and teaching. Research,,
3,JA92,Collective biography of political scientists,,
1,JC11-605,Political theory. The state. Theories of the state,,
2,JC47,Oriental state,,
2,JC49,Islamic state,,
2,JC51-93,Ancient state,,
2,JC109-121,Medieval state,,
2,JC131-273,Modern state,,
3,JC177-178,Thomas Paine,,
2,JC311-314,Nationalism. Nation state,,
2,JC319-323,Political geography,,
2,JC327,Sovereignty,,
2,JC328.2,Consensus. Consent of the governed,,
2,JC328.6-.65,Violence. Political violence,,
2,JC329,Patriotism,,
2,JC345-347,Symbolism,,
2,JC348-497,Forms of the state,,
2,JC571-605,"Purpose, functions, and relations of the state",,
1,JF20-2112,Political institutions and public administration,,
2,JF20-1177,General. Comparative government,,
3,JF51-56,General works. History,,
3,JF225-619,Organs and functions of government,,
4,JF251-289,Executive. Heads of state,,
4,JF331-341,Parliamentary government,,
4,JF491-619,Legislation. Legislative process. Law-making,,
1,JF799-1177,Political rights. Political participation,,
2,JF1338-2112,Public administration,,
3,JF1501-1521,Civil service,,
3,JF2011-2112,Political parties,,
1,JJ1000-1019,Political institutions and public administration (North America),,
1,JK1-9993,Political institutions and public administration (United States),,
2,JK1-9593,United States,,
3,JK404-1685,Government. Public administration,,
4,JK501-868,Executive branch,,
5,JK631-868,Civil Service. Departments and agencies,,
4,JK1012-1432,Congress. Legislative branch,,
5,JK1154-1276,Senate,,
5,JK1308-1432,House of Representatives,,
4,JK1606-1683,Capital. Public buildings. Government property. Government purchasing,,
3,JK1717-2217,Political rights. Practical politics,,
4,JK1758-1761,Citizenship,,
4,JK1846-1929,Suffrage,,
4,JK1965-2217,Electoral system,,
3,JK2255-2391,Political parties,,
3,JK2403-9593,State government,,
2,JK9663-9993,Confederate States of America,,
1,JL1-3899,"Political institutions and public administration (Canada, Latin America, etc.)",,
2,JL1-500,Canada,,
2,JL599.5-839,West Indies. Caribbean Area,,
2,JL1200-1299,Mexico,,
2,JL1400-1679,Central America,,
2,JL1850-3899,South America,,
1,JN1-9689,Political institutions and public administration (Europe),,
2,JN1-97,General,,
2,JN101-1371,Great Britain,,
3,JN1187-1371,Scotland,,
2,JN1395-1571.5,Ireland,,
2,JN1601-2191,Austria-Hungary. Austria. Hungary,,
2,JN2210-2229,Czech Republic. Czechoslovakia,,
2,JN2240,Slovakia,,
2,JN2301-3007,France,,
2,JN3201-4944,Germany,,
2,JN5001-5191,Greece,,
2,JN5201-5690,Italy,,
2,JN5701-5999,Netherlands,,
2,JN6101-6371,Belgium,,
2,JN6500-6598,Soviet Union. Russia. Former Soviet Republics,,
2,JN6615,Estonia,,
2,JN6630-6639,Ukraine,,
2,JN6640-6649,Belarus,,
2,JN6680-6689,Moldova,,
2,JN6690-6699,Russia (Federation),,
2,JN6730-6739,Latvia,,
2,JN6745,Lithuania,,
2,JN6750-6769,Poland,,
2,JN7011-7066,Scandinavia. Northern Europe,,
2,JN7101-7367,Denmark,,
2,JN7370-7379,Greenland,,
2,JN7380-7389,Iceland,,
2,JN7390-7399,Finland,,
2,JN7401-7695,Norway,,
2,JN7721-7995,Sweden,,
2,JN8101-8399,Spain,,
2,JN8423-8661,Portugal,,
2,JN8701-9599,Switzerland,,
2,JN9600-9689,Balkan States,,
1,JQ21-6651,"Political institutions and public administration (Asia, Africa, Australia, Pacific Area, etc.)",,
2,JQ21-1852,Asia,,
3,JQ200-620,India,,
3,JQ1070-1199,Central Asia,Including former republics of the Soviet Union,
3,JQ1499-1749,East Asia,"Including China, Japan, Korea",
3,JQ1758-1852,Middle East,"Including Turkey, Iran, Israel, Arabian Peninsula",
4,JQ1850,Arab countries,,
4,JQ1852,Islamic countries,,
2,JQ1870-3981,Africa,,
2,JQ3981.5-3986.7,Atlantic Ocean islands,,
2,JQ3995-6651,Australia. New Zealand. Pacific Ocean islands,,
1,JS39-8500,Local government. Municipal government,,
2,JS55-68,History,,
2,JS141-163,Executive branch. Mayor,,
2,JS171,Legislative branch,,
2,JS221-227,Elections. Local elections. Municipal elections,,
2,JS241-271,Local government other than municipal,,
2,JS300-1583,United States,,
2,JS1701-1800,Canada,,
2,JS1840-2058.9,West Indies. Caribbean Area,,
2,JS2101-2143,Mexico,,
2,JS2145-2219,Central America,,
2,JS2300-2778,South America,,
2,JS3000-6949.89,Europe,,
2,JS6950-7520,Asia,,
3,JS7510,Arab countries,,
3,JS7520,Islamic countries,,
2,JS7525-7819.9,Africa,,
2,JS7820-7827.9,Atlantic Ocean islands,,
2,JS7900-7906.9,Indian Ocean islands,,
2,JS8001-8490.9,Australia. New Zealand. Pacific Ocean islands,,
1,JV1-9480,Colonies and colonization. Emigration and immigration. International migration,,
2,JV1-5397,Colonies and colonization,,
3,JV1-9,Periodicals. Serials,,
3,JV10-19,Societies,,
3,JV61-152,History,,
3,JV412-461,Administration,,
3,JV500-5397,Colonizing nations,,
2,JV6001-9480,Emigration and immigration. International migration,,
3,JV6001-6006,Periodicals. Serials,,
3,JV6021-6033,History,,
3,JV6091-6124,Emigration,,
3,JV6201-6347,Immigration,,
3,JV6403-7127,United States,,
3,JV7200-7539,"Canada, Latin America, etc.",,
3,JV7590-8339.7,Europe,,
3,JV8490-8758,Asia,,
3,JV8760,Arab countries,,
3,JV8762,Islamic countries,,
3,JV8790-9024.5,Africa,,
3,JV9029-9036,Atlantic Ocean islands,,
3,JV9040-9047,Indian Ocean islands,,
3,JV9100-9269,Australia. New Zealand,,
3,JV9290-9470,Pacific Ocean islands,,
1,JX(1)-(6650),"International law, see JZ and KZ",,
2,JX(63)-(191),Collections. Documents. Cases,,
2,JX(220)-(1195),"Collections, cases, etc. By country",,
2,JX(1261)-(1283),Codification of international law,,
2,JX(1305)-(1598),Foreign relations,,
2,JX(1621)-(1896),Diplomacy,,
2,JX(1901)-(1995),"International arbitration, organization, etc.",,
2,JX(2001)-(6650),International law,,
1,JZ5-6530,International relations,,
2,JZ5.5-18,Periodicals,,
2,JZ24-38,"Societies, associations, academies, institutes, etc., for the study of international relations",,
2,JZ63-1153,Sources,,
3,JZ221-1153,By region or country,,
2,JZ1249-1254,Relation to other disciplines and topics,,
2,JZ1305-2060,Scope of international relations. Political theory. Diplomacy,,
3,JZ1329.5-1395,By period,,
3,JZ1400-1454,Diplomatic and consular service,,
3,JZ1464-2060,"Scope of international relations with regard to countries, territories, regions, etc.",,
2,JZ3674-3875,State territory and its parts,,
3,JZ3685,Boundaries,,
3,JZ3686-3875,International waters,,
2,JZ4835-5490,International organizations and associations,,
3,JZ4841-4848,Political non-governmental organizations. NGOs,,
3,JZ4850-5490,Intergovernmental organizations. IGOs,,
4,JZ4853-4934,League of Nations,,
4,JZ4935-5160,United Nations,,
2,JZ5511.2-6300,Promotion of peace. Peaceful change,,
3,JZ5514-5526,"Societies, associations, academies, institutes, etc., for peace promotion, research and education",,
3,JZ5527-5532,Congresses and conferences,,
3,JZ5587-6009,International security. Disarmament. Global survival,,
3,JZ6010-6060,Pacific settlement of international disputes,,
2,JZ6360-6377,Non-military coercion,,
2,JZ6385-6405,The armed conflict. War and order,,
2,JZ6422-6422.5,Neutrality. Non-participation in wars. Norms of neutrality,,
2,JZ6530,Humanitarian aspects of war,,
0,K,LAW,,
1,K1-7720,Law in general. Comparative and uniform law. Jurisprudence,,
2,K1-36.5,Periodicals,,
2,K37-44,Bibliography,,
2,K46,Monographic series,,
2,K48,Encyclopedias,,
2,K50-54,Dictionaries. Words and phrases,,
2,K58,Maxims. Quotations,,
2,K(64),Yearbooks,,
2,K68-70,Directories,,
2,K85-89,Legal research,,
2,K94,Legal composition and draftsmanship,,
2,K100-103,Legal education,,
2,K109-110,Law societies. International bar associations,,
2,K115-130,The legal profession,,
2,K133,Legal aid. Legal assistance to the poor,,
2,K140-165,History of law,,
2,K170,Biography,,
2,K(175),Congresses,,
2,K(176)-(177),Collected works (nonserial),,
2,K(179),"Addresses, essays, lectures",,
2,K181-184.7,Miscellany,,
2,K190-195,Ethnological jurisprudence. Primitive law,,
2,K201-487,Jurisprudence. Philosophy and theory of law,,
3,K202,Periodicals,,
3,K212-213,Methodology,,
3,K215-218,History,,
3,K236,Universality and non-universality of law,,
3,K237-264,The concept of law,,
3,K270-274,Acts and events,,
3,K280-286,Sources of law,,
3,K288-296,Interpretation and construction of law. Lacunae in law,,
3,K300-304,Classification of law. Typology,,
3,K321-474,Schools of legal theory,,
4,K325-328,Historical jurisprudence,,
4,K330-344,Positivism,,
4,K366-380,Sociology of law. Sociological jurisprudence,,
4,K400-474,Natural law,,
3,K486-487,Relation of law to other topics,,
2,K(520)-5582,Comparative law. International uniform law,,
3,K524-525,Treaties and other international agreements,,
3,K540-546,Trials,,
3,K578-579,Concepts applying to several branches of law,,
3,K583-(591),Legal systems compared,,
3,K592-597,Regional divisions. Interregional comparative law,,
3,K600-615,Private law,,
4,K605-615,Unification,,
3,K623-968,Civil law,,
4,K625-709,Persons,,
4,K670-709,Domestic relations. Family law,,
4,K720-792,Property,,
4,K795-798,Trusts and trustees,,
4,K805-821,Succession upon death,,
4,K830-968,Obligations,,
5,K840-917,Contracts,,
5,K920,Restitution. Quasi contracts. Unjust enrichment,,
5,K923-968,Torts,,
3,K970,Compensation to victims of crime. Reparation,,
3,K1000-1395,Commercial law,,
4,K1010-1014,The merchant. Business enterprises,,
4,K1021-1022,Commercial agency,,
4,K1024-1132,Commercial contracts,,
5,K1026-1045,Sale of goods,,
5,K1054-1065.5,Negotiable instruments,,
5,K1066-1089,Banking,,
5,K1094-1096,Loan of money,,
5,K1100-1109,Secured transactions,,
5,K1112-1116,Investments,,
5,K1130-1132,Carriage of goods and passengers. Carriers,,
4,K1150-1231,Maritime law,,
5,K1195-1223,Maritime social legislation,,
5,K1226-1231,Marine insurance,,
4,K1241-1287,Insurance,,
4,K1301-1366,Business associations,,
4,K1370-1395,Insolvency and bankruptcy. Creditors' rights,,
3,K1401-1578,Intellectual property,,
4,K1411-1485,Copyright,,
4,K1500-1578,Industrial property,,
3,K1700-1973,Social legislation,,
4,K1701-1841,Labor law,,
4,K1861-1929,Social insurance,,
4,K1960-1973,Public welfare. Public assistance,,
3,K2100-2385,Courts. Procedure,,
4,K2110-2155,Court organization and procedure,,
4,K2201-2385,Civil procedure,,
3,K2390,Negotiated settlement. Compromise,,
3,K2400-2405,Arbitration and award,,
3,K3150,Public law,,
3,K3154-3370,Constitutional law,,
4,K3161,Constitutional history,,
4,K3169,The state,,
4,K3171-3179,Constitutional principles,,
4,K3184-3188,Form and structure of government,,
4,K3195,National territory,,
4,K3201,Foreign relations administration,,
4,K3220,Public policy,,
4,K3224-3278,Individual and state,,
4,K3280-3282,Church and state,,
4,K3289-3367,Organs of government,,
5,K3290-3304,The people. Election law,,
5,K3310-3329,The legislature,,
5,K3332-3363,Heads of state and the central government,,
5,K3367,The judiciary,,
4,K3370,Constitutional courts and procedure,,
3,K3375,Colonial law,,
3,K3400-3431,Administrative law,,
4,K3402-3417,The administrative process,,
4,K3420-3431,Administrative organization,,
3,K3440-3460,Civil service. Government officials and employees,,
3,K3476-3560,Public property. Public restraint on private property,,
3,K3566-3578,Public health,,
3,K3581-(3598),Environmental law,,
3,K3601-3611,Medical legislation,,
3,K3615-3622,Veterinary laws. Veterinary medicine and hygiene. Prevention of cruelty to animals,,
3,K3625-3649,Food. Drugs. Cosmetics,,
3,K3651-3654,Alcohol. Alcoholic beverages,,
3,K3661-3674,Public safety,,
3,K3700-3705,Control of social activities,,
3,K3740-3762,Education,,
3,K3770-3795,Science and arts. Research,,
3,K3820-3836,"Economic constitution, policy, planning, and development",,
3,K3840-4375,"Regulation of industry, trade, and commerce. Occupational law",,
4,K3842-3862,Trade regulations. Control of trade practices,,
4,K3870-3918,Primary production. Extractive industries,,
4,K3921-3925,Manufacturing industries,,
4,K3926-3935,Food processing industries,,
4,K3941-3974,Trade and commerce,,
4,K3978-3992,Public utilities,,
4,K4011-4343,Transportation and communication,,
4,K4360-4375,Professions and occupations,,
3,K4430-4675,Public finance,,
4,K4453-4640,National revenue,,
4,K4650-4675,State and local finance,,
3,K4700-4705,"Government measures in time of war, national emergency, or economic crisis",,
3,K4720-4780,National defense. Military law,,
4,K4725-4734,The military establishment. Armed forces,,
4,K4740-4760,Military criminal law and procedure,,
3,K5000-5582,Criminal law and procedure,,
4,K5015.4-5350,Criminal law,,
4,K5401-5570,Criminal procedure,,
4,K5575-5582,Juvenile criminal law and procedure,,
2,K7000-7720,Private international law. Conflict of laws,,
3,K7051-7054,"International unification, approximation, and harmonization",,
3,K7060-7081,Choice of law,,
3,K7085,Retroactive law. Intertemporal law,,
3,K7090,Juristic acts,,
3,K7120-7197,Persons,,
4,K7125-7140,Natural persons,,
4,K7145-7148,Juristic persons. Associations,,
4,K7155-7197,Domestic relations. Family law,,
5,K7157-7179,Marriage. Husband and wife,,
5,K7181-7197,Parent and child. Guardian and ward,,
3,K7200-7218,Property,,
3,K7222,Trust and trustees,,
3,K7230-7245,Succession upon death,,
3,K7260-7338,Obligations,,
4,K7265-7305,Contracts,,
4,K7310,Restitution. Quasi contracts. Unjust enrichment,,
4,K7315-7338,Torts,,
3,K7340-7512,Commercial law,,
4,K7350-7444,Commercial contracts,,
4,K7449-7460,Maritime law,,
4,K7470,Insurance,,
4,K7485-7495,Business associations. Business corporations,,
4,K7510-7512,Insolvency and bankruptcy. Creditors' rights,,
3,K7550-7582,Intellectual property,,
4,K7555-7557,Copyright,,
4,K7570-7582,Industrial property,,
3,K7585-7595,Social legislation,,
3,K7611-7688,Civil procedure. International civil procedure,,
3,K7690,Arbitration and award,,
3,K7720,Recognition of foreign administrative acts,,
1,KB1-4855,Religious law in general. Comparative religious law. Jurisprudence,,
2,KB2-4,Bibliography,,
2,KB7-68,Periodicals,,
2,KB68,Annuals. Annuaires,,
2,KB70.A-Z,"Monographic series. By title, A-Z",,
2,KB73,Collections. Compilations (General and comprehensive),,
2,KB74-78,Auxiliary sciences,,
2,KB90.A-Z,"Encyclopedias. Law dictionaries. Terms and phrases. Vocabularies. By author or title, A-Z",,
2,KB100.A-Z,"Proverbia. Legal maxims. Brocardica juris. Regulae juris. By author or title, A-Z",,
2,KB122,Biography (Collective),,
2,KB130,Legal research. Legal bibliography. Methods of bibliographic research,,
2,KB150,Conferences. Symposia,,
2,KB160,General works. Treatises,,
2,KB162-250,Legal systems compared,,
2,KB270-280,"Theory, philosophy, and science of religious law",,
2,KB400-4855,Interdisciplinary discussion of subjects,,
3,KB400,Ritual law. Religious observances and rituals,,
3,KB410,Law reform and policies. Criticism,,
3,KB479,Private law (General),,
3,KB480-482,Private international law. Conflict of laws,,
3,KB491,Civil law (General),,
3,KB524-530,Persons,,
3,KB531-619,Domestic relations. Family law,,
3,KB622-628.5,Guardianship. Guardian and ward,,
3,KB632-636.2,Inheritance and succession,,
3,KB636.3,Gifts. Charitable gifts. Donations,,
3,KB640-726,Property. Res in commercio,,
3,KB810-962.8,Obligations. Contracts and transactions,,
3,KB1270-1278,Labor laws and legislation,,
3,KB1468-1550,Social laws and legislation. Welfare. Charities,,
3,KB1572-1690,Courts and procedure,,
3,KB2000-2035,Public law. The State,,
3,KB2101-2862,Constitutions and religion. Constitutional and administrative law,,
3,KB2870,"Civil service. Employees of state, communal agencies, and religious corporations",,
3,KB3000-3034,Police and public safety,,
3,KB3040.5-3056,Public property. Government property,,
3,KB3075-3096.5,Public health,,
3,KB3098-3121.7,Medical legislation,,
3,KB3122,Veterinary medicine and hygiene. Veterinary public health KB3123-3123.5 Animal protection. Animal welfare. Animal rights,,
3,KB3124-3125,Birth control. Family planning,,
3,KB3127-3135,Environmental law,,
3,KB3137-3183,Cultural affairs,,
3,KB3190-3429,Economic law,,
3,KB3440-3500.7,Transportation and communication,,
3,KB3515-3522,Professions. Intelligentsia,,
3,KB3526-3694,Public finance,,
3,KB3709-3726,"Government measures in time of war, national emergency, or economic crisis",,
3,KB3735-3780,Military law,,
3,KB3790-4855,Criminal law and procedure,,
1,KBM1-4855,Jewish law. Halakah,,
3,KBM523.6,Even ha-ezer law (General),,
3,KBM523.72,Hoshen mishpat law (General),,
2,KBM523.8-4855,Mishpat Ivri,,
3,KBM523.8,Bibliography,,
3,KBM523.82,Monographic series,,
3,KBM523.9,Legal education. Study and teaching,,
3,KBM524,General works,,
3,KBM524.12-524.26,The concept of Jewish law,,
3,KBM524.3,Sources of Jewish law (Mishpat Ivri),,
3,KBM524.32-.34,Methodology of law development,,
3,KBM524.36,Influence of other legal systems on Jewish law,,
3,KBM524.38,Law reform and policies. Criticism,,
3,KBM524.4.A-Z,"Concepts applying to several branches of the law, A-Z",,
3,KBM524.42,Private law,,
3,KBM524.43,Conflict of laws. Plurality of laws conflict,,
3,KBM524.5,Assistance in emergencies,,
3,KBM524.6-530,Persons,,
3,KBM531-619,Domestic relations. Family law,,
3,KBM622-628.5,Guardian and ward. Apotropos,,
3,KBM632-636.2,Inheritance and succession,,
3,KBM636.3,Gifts. Charitable gifts. Donations,,
3,KBM639-1424,Dinei mamonot,,
3,KBM1468-1547,Social laws and legislation,,
3,KBM1572-1942,Courts and procedure,,
3,KBM2000-2024,Public law. The state and the Jewish community. Kehillah,,
3,KBM2070-2614,Constitutional law. Constitutional principles of the Jewish community,,
3,KBM2711-2840,Administrative law and process of communal agencies,,
3,KBM2970,Civil service. Employees of communal agencies,,
3,KBM3000-3036.5,Police and public safety,,
3,KBM3040.5-3073,Public property. Communal property. Restraints on private property,,
3,KBM3075-3097,Public health,,
3,KBM3098-3122,Medical legislation,,
3,KBM3124-3125,Birth control. Family planning,,
3,KBM3127-3134,Environmental law,,
3,KBM3137-3183,Cultural affairs,,
3,KBM3190-3436,Economic law,,
3,KBM3440-3504.5,Transportation and communication,,
3,KBM3515-3519,Professions,,
3,KBM3526-3695,Public finance,,
3,KBM3709-3729,"Measures in time of war, national emergency, or economic crisis",,
3,KBM3738-3785,Community defense. Military law,,
3,KBM3790-4855,Criminal law and procedure,,
1,KBP1-4860,Islamic law. Sharah. Fiqh,,
2,KBP2.2-8,Bibliography,,
2,KBP9.5,Monographic series,,
2,KBP10-14.5,Societies. Associations,,
2,KBP15,Congresses. Conferences,,
2,KBP18,Academies. Institutes,,
2,KBP40,Encyclopedias. Dictionaries,,
2,KBP40.2,Maxims. Quotations,,
2,KBP40.5,Directories,,
2,KBP41,Legal research,,
2,KBP42-43,Legal education. Study and teaching,,
2,KBP50-69,"History, development and application of Islamic law",,
2,KBP70-75.4,Biography,,
2,KBP100-136.8,Sources,,
2,KBP144,General works,,
2,KBP173.25-.6,Islamic law and other disciplines or subjects,,
2,KBP174-190.5,Observances and practice of Islam,,
2,KBP250-420,Schools of thought. Islamic legal schools. Madhhib,,
2,KBP425-466.3,Usl al-fiqh. Jurisprudence and theory of law. Science of legal reasoning,,
2,KBP469,Influence of other legal systems on Islamic law,,
2,KBP470,Law reform. Criticism. Tanzm,,
2,KBP480-485,Conflict of laws. Tanzu’ al-qawnn,,
2,KBP490-4860,Fur al-fiqh. Substantive law. Branches of law,,
3,KBP490.2-.95,General works. Treatises,,
3,KBP491-497.95,Particular genres,,
3,KBP500-509.8,General concepts,,
3,KBP524-638,Ahwl shakhsyah,,
3,KBP639-1154,Mumalt,,
3,KBP1155-1194,Intellectual and industrial property,,
3,KBP1234-1259,Unfair competition,,
3,KBP1270-1467,Labor laws and legislation,,
3,KBP1468-1569,Social laws and legislation,,
3,KBP1572-1942,Courts and procedure,,
3,KBP2000-2035,Public law. The state and Islam,,
3,KBP2101-2612,Constitution of the state. Constitutional law,,
3,KBP2730-2968,Government and administration. Siysah. Administrative process,,
3,KBP2970,Civil service. Employees of communal agencies,,
3,KBP3000-3037,Police and public safety,,
3,KBP3040.5-3072,Public property. Government property,,
3,KBP3075-3096.5,Public health,,
3,KBP3098-3121.5,Medical legislation,,
3,KBP3122,Veterinary medicine and hygiene. Veterinary public health,,
3,KBP3123-3123.5,Animal protection. Animal welfare. Animal rights,,
3,KBP3124-3125,Birth control. Family planning,,
3,KBP3127-3135,Environmental law,,
3,KBP3137-3183.3,Cultural affairs,,
3,KBP3190-3437,Economic law,,
3,KBP3440-3512,Transportation and communication,,
3,KBP3515-3521,Professions. Intelligentsia,,
3,KBP3526-3705,Public finance,,
3,KBP3709-3727,"Government measures in time of war, national emergency, or economic crisis",,
3,KBP3738-3785,Military law,,
3,KBP3790-4860,Criminal law and procedure,,
1,KBR2-4090,History of canon law,,
2,KBR2-19,Bibliography,,
2,KBR21,Annuals. Annuaires. Yearbooks,,
2,KBR22,Monographic series,,
2,KBR27-41.7,Official acts of the Holy See,,
2,KBR42-54.5,"Decisions of ecclesiastical tribunals and courts, and related materials",,
2,KBR56,Encyclopedias. Law dictionaries. Terms and phrases. Vocabularia,,
2,KBR64,Directories,,
2,KBR74-83,Auxiliary sciences,,
2,KBR100.A-Z,Proverbia. Legal maxims. Brocardica juris. Regulae juris,,
2,KBR105.A-Z,Formularies. Clauses and forms. Formularia,,
2,KBR122-124,Collective biography of canonists or jurists,,
2,KBR127-129.5,Trials,,
2,KBR130-132,Legal research. Legal bibliography. Methods of bibliographic research,,
2,KBR133-134,Legal education. Study and teaching,,
2,KBR136-148,"Societies. Associations. Academies, etc.",,
2,KBR150,Conferences. Symposia,,
2,KBR160,General works,,
2,KBR190-2154.5,Sources,,
2,KBR2155-2157,Canon law and other disciplines or subjects,,
2,KBR2160-2204.5,Canonical jurisprudence. Canonical science,,
2,KBR2205-2206.3,Influence of other legal systems on Canon law,,
2,KBR2207,Law reform and policies. Criticism,,
2,KBR2208.A-Z,"General concepts and principles, A-Z",,
2,KBR2224-2295,Ius ecclesiasticum privatum,,
2,KBR2310-3026,Constitution of the Church,,
2,KBR3040-3070,The teaching office of the church. Magisterium. De ecclesiae munere docendi,,
2,KBR3077-3165,Sacraments. Administration of sacraments. De sacramentis et administratione,,
2,KBR3180-3182,Sacramentals. Sacramentalia,,
2,KBR3184-3256,Other acts of divine worship. De ceteris actibus Cultus Divini,,
2,KBR3264-3280,Social work of the Church. Public welfare. Caritas,,
2,KBR3320-3460,Church property. Church economics and finance. Administration,,
2,KBR3500-3774,Penal (Criminal) law. De lege poenali,,
2,KBR3780-3983,Judiciary. Ecclesiastical courts and procedure. De processibus,,
2,KBR4000-4090,Church and state relationships. De relationibus inter ecclesiam et status. Ius publicum ecclesiae,,
1,KBU2-4820,Law of the Roman Catholic Church. The Holy See,,
2,KBU2-19,Bibliography,,
2,KBU21,Annuals. Annuaires. Yearbooks,,
2,KBU22,Monographic series,,
2,KBU25-26,Official gazette of the Holy See,,
2,KBU26.8-41.5,Official acts of the Holy See,,
2,KBU42-54.5,"Decisions of ecclesiastical tribunals and courts, and related materials",,
2,KBU56,Encyclopedias,,
2,KBU56.5,Dictionaries. Terms and phrases. Vocabularies,,
2,KBU64,Directories,,
2,KBU102,Form books. Clauses and forms,,
2,KBU127-129.5,Trials,,
2,KBU130-132,Legal research. Legal bibliography. Methods of bibliographic research,,
2,KBU133,Legal education. Study and teaching,,
2,KBU136-148,"Societies. Associations. Academies, etc.",,
2,KBU149,Academies. Institutes,,
2,KBU150,Conferences. Symposia,,
2,KBU160,General works,,
2,KBU180.A-Z,"Works on diverse aspects of a particular subject and falling within several branches of the law. By subject, A-Z",,
2,KBU195-1565,Collections. Compilations. Selections,,
2,KBU2155-2157,Canon law and other disciplines or subjects,,
2,KBU2160-2204,Canonical jurisprudence. Theory and science of canon law,,
2,KBU2205-2206,Influence of other legal systems on canon law,,
2,KBU2207,Law reform and policies. Criticism,,
2,KBU2208.A-Z,"Concepts applying to several branches of the law, A-Z",,
2,KBU2210-2212,The codes of canon law,,
2,KBU2215-2308,General norms and principles. De normis generalibus,,
2,KBU2310-3026,Constitution of the Church,,
2,KBU3040-3070,The teaching office of the Church. Magisterium. De ecclesiae munere docendi,,
2,KBU3075-3165,Sacraments. Administration of sacraments. De sacramentis et administratione,,
2,KBU3180-3182,Sacramentals. Sacramentalia,,
2,KBU3184-3256,Other acts of divine worship. De ceteris actibus Cultus Divini,,
2,KBU3264-3280,Social work of the Church. Public welfare. Caritas,,
2,KBU3282-3310,Medical ethics and legislation. Church policy,,
2,KBU3320-3460,Church property. Church economics and finance,,
2,KBU3500-3774,Sanctions in the Church. Criminal law. De sanctionibus in Ecclesia. De lege poenali,,
2,KBU3780-3985,Courts and procedure. De processibus,,
2,KBU4000-4097,Church and state relationships. De relationibus inter ecclesiam et status. Ius publicum ecclesiae,,
2,KBU4112-4820,Local Church government,,
1,KD,Law of the United Kingdom and Ireland,,
2,KD51-9500,England and Wales,,
2,KD8850-9312,Local laws of England,,
2,KD9320-9355,Local laws of Wales,,
2,KD9400-9500,Wales,,
2,KDC51-990,Scotland,,
2,KDE21-580,Northern Ireland,,
2,KDG26-540,Isle of Man. Channel Islands,,
2,KDK21-1950,Ireland (Eire),,
1,KDZ1-4999,America. North America,,
2,KDZ1101-1199,Organization of American States (OAS),,
2,KDZ2001-2499.2,Bermuda,,
2,KDZ3001-3499,Greenland,,
2,KDZ4001-4499,St. Pierre and Miquelon,,
1,KE,Law of Canada,,
2,KE1-9450,Federal law. Common and collective provincial law,,
2,IndividualProvincesAndTerritories,Individual provinces and territories,,
3,KEA1-599,Alberta,,
3,KEB1-599,British Columbia,,
3,KEM1-599,Manitoba,,
3,KEN1-599,New Brunswick,,
3,KEN1201-1799,Newfoundland,,
3,KEN5401-5999,Northwest Territories,,
3,KEN7401-7999,Nova Scotia,,
3,KEO1-1199,Ontario,,
3,KEP1-599,Prince Edward Island,,
3,KEQ1-1199,Quebec,,
3,KES1-599,Saskatchewan,,
3,KEY1-599,Yukon Territory,,
2,KEZ1-9999,"Individual cities, A-Z",,
1,KF,Law of the United States,,
2,KF1-9827,Federal law. Common and collective state law,,
2,IndividualStates,Individual states,,
3,KFA1-599,Alabama,,
3,KFA1201-1799,Alaska,,
3,KFA2401-2999,Arizona,,
3,KFA3601-4199,Arkansas,,
3,KFC1-1199,California,,
3,KFC1801-2399,Colorado,,
3,KFC3601-4199,Connecticut,,
3,KFD1-599,Delaware,,
3,KFD1201-1799,District of Columbia,,
3,KFF1-599,Florida,,
3,KFG1-599,Georgia,,
3,KFH1-599,Hawaii,,
3,KFI1-599,Idaho,,
3,KFI1201-1799,Illinois,,
3,KFI3001-3599,Indiana,,
3,KFI4201-4799,Iowa,,
3,KFK1-599,Kansas,,
3,KFK1201-1799,Kentucky,,
3,KFL1-599,Louisiana,,
3,KFM1-599,Maine,,
3,KFM1201-1799,Maryland,,
3,KFM2401-2999,Massachusetts,,
3,KFM4201-4799,Michigan,,
3,KFM5401-5999,Minnesota,,
3,KFM6601-7199,Mississippi,,
3,KFM7801-8399,Missouri,,
3,KFM9001-9599,Montana,,
3,KFN1-599,Nebraska,,
3,KFN601-1199,Nevada,,
3,KFN1201-1799,New Hampshire,,
3,KFN1801-2399,New Jersey,,
3,KFN3601-4199,New Mexico,,
3,KFN5001-6199,New York,,
3,KFN7401-7999,North Carolina,,
3,KFN8601-9199,North Dakota,,
3,KFO1-599,Ohio,,
3,KFO1201-1799,Oklahoma,,
3,KFO2401-2999,Oregon,,
3,KFP1-599,Pennsylvania,,
3,KFR1-599,Rhode Island,,
3,KFS1801-2399,South Carolina,,
3,KFS3001-3599,South Dakota,,
3,KFT1-599,Tennessee,,
3,KFT1201-1799,Texas,,
3,KFU1-599,Utah,,
3,KFV1-599,Vermont,,
3,KFV2401-2999,Virginia,,
3,KFW1-599,Washington,,
3,KFW1201-1799,West Virginia,,
3,KFW2401-2999,Wisconsin,,
3,KFW4201-4799,Wyoming,,
2,KFX1-9999,"Individual cities, A-Z",,
2,KFZ1801-2399,Northwest Territory,,
2,KFZ8601-9199,Confederate States of America,,
1,KG1-999,Latin America (General),,
1,KG3001-3999,Mexico and Central America (General),,
2,KGA1-9000,Belize,,
2,KGB1-9000,Costa Rica,,
2,KGC1-9800,El Salvador,,
2,KGD1-9990,Guatemala,,
2,KGE1-9990,Honduras,,
2,KGF1-9900,Mexico,,
2,KGG1-9800,Nicaragua,,
2,KGH1-8000,Panama,,
2,KGH9001-9499,Panama Canal Zone,,
1,WestIndiesCaribbeanArea,West Indies. Caribbean area,,
2,KGJ1-999,General,,
2,KGJ7001-7499,Anguilla,,
2,KGK1-499,Antigua and Barbuda,,
2,KGK1001-1499,Aruba,,
2,KGL1-499,Bahamas,,
2,KGL1001-1499,Barbados,,
2,KGL2001-2499,Bonaire,,
2,KGL3001-3499,British Leeward Islands,,
2,KGL4001-4499,British Virgin Islands,,
2,KGL5001-5999,British West Indies,,
2,KGL6001-6499,British Windward Islands,,
2,KGM1-499,Cayman Islands,,
2,KGN1-9800,Cuba,,
2,KGP1-499,Curaçao,,
2,KGP2001-2499,Dominica,,
2,KGQ1-9800,Dominican Republic,,
2,KGR1-499,Dutch Leeward Islands (General),,
2,KGR1001-1499,Dutch West Indies (Netherlands Antilles),,
2,KGR2001-2499,Dutch Windward Islands (General),,
2,KGR3001-3499,French West Indies (General),,
2,KGR4001-4499,Grenada,,
2,KGR5001-5499,Guadeloupe,,
2,KGS1-9000,Haiti,,
2,KGT1-499,Jamaica,,
2,KGT1001-1499,Martinique,,
2,KGT2001-2499,Montserrat,,
2,KGU1-499,Navassa Islands,,
2,KGV1-8200,Puerto Rico,,
2,KGW1-499,Saba,,
2,KGW2001-2499,"Saint Christopher (Saint Kitts), Nevis, and Anguilla",,
2,KGW3001-3499,Saint Lucia,,
2,KGW5001-5499,Saint Vincent and the Grenadines,,
2,KGW7001-7499,Sint Eustatius,,
2,KGW8001-8499,Sint Maarten,,
2,KGX1-499,Trinidad and Tobago,,
2,KGY1-499,Turks and Caicos Islands,,
2,KGZ1-499,Virgin Islands of the United States,,
1,KH1-999,South America (General),,
2,KHA1-9800,Argentina,,
2,KHC1-8200,Bolivia,,
2,KHD1-9900,Brazil,,
2,KHF1-9800,Chile,,
2,KHH1-9900,Colombia,,
2,KHK1-9990,Ecuador,,
2,KHL1-9000,Falkland Islands,,
2,KHM1-9000,French Guiana,,
2,KHN1-9000,Guyana,,
2,KHP1-9700,Paraguay,,
2,KHQ1-9800,Peru,,
2,KHS1-9000,Surinam,,
2,KHU1-9800,Uruguay,,
2,KHW1-9900,Venezuela,,
1,KJ,Europe,,
2,KJ2-1040,History of Law,,
2,KJ160-1040,Germanic law,,
2,KJA2-3660,Roman law,,
2,KJC2-9799,Regional comparative and uniform law,,
2,KJE5-7975,Regional organization and integration. Comparative law,,
2,KJG1-4999,Albania,,
2,KJH1-499,Andorra,,
2,KJJ1-4999,Austria,,
2,KJK1-4999,Belgium,,
2,KJM1-4999,Bulgaria,,
2,KJN1-499,Cyprus,,
2,KJP1-4999,Czechoslovakia,,
2,KJR1-4999,Denmark,,
2,KJS1-4985,Estonia,,
2,KJT1-4999,Finland,,
2,France,France,,
3,KJV2-9158,National laws,,
3,KJW51-4360,"Individual regions, provinces, departments, etc.",,
3,KJW5201-9600,Individual cities,,
2,Germany,Germany,,
3,KK2-9799.3,Germany and West Germany,,
3,KKA7-9796,East Germany,,
3,KKB-KKC,"Individual states, provinces, and cities",,
2,KKE1-4999,Greece,,
2,KKF1-4999,Hungary,,
2,KKG1-499,Iceland,,
2,KKH1-4999,Italy,,
2,KKI1-4890,Latvia,,
2,KKJ1-499,Liechtenstein,,
2,KKJ501-9890,Lithuania,,
2,KKK1-499,Luxembourg,,
2,KKK1001-1499,Malta,,
2,KKL1-499,Monaco,,
2,KKM1-4999,Netherlands,,
2,KKN1-4999,Norway,,
2,KKP1-4999,Poland,,
2,KKQ1-4999,Portugal,,
2,KKR1-4999,Romania,,
2,KKS1-499,San Marino,,
2,KKT1-4999,Spain,,
2,KKV1-4999,Sweden,,
2,KKW1-4999,Switzerland,,
2,KKX1-4999,Turkey,,
2,KKY1-4999,Ukraine (1991- ),,
2,KKZ1-4999,Yugoslavia,,
1,AsiaAndEurasiaAfricaPacificAreaAndAntarctica,"Asia and Eurasia, Africa, Pacific Area, and Antarctica",,
2,KL2-5915,History of law. The ancient orient,,
3,KL2-135,General,,
3,KL147-177,Ancient legal systems compared,,
3,KL190-420,Sources,,
3,KL700-2215,Mesopotamia. Assyro-Babylonian law,,
3,KL1000-1299,Sumer,,
3,KL1600-1899,Assyria,,
3,KL2200-2499,Babylonia,,
3,KL2800-3099,Egypt,,
3,KL3500-3799,Elam,,
3,KL4110-4399,Greek law,,
3,KL4700-4999,Hittite law,,
3,KL5300-5599,Persia,,
3,KL5900-6199,Phoenicia,,
2,Eurasia,Eurasia,,
3,Turkey,Turkey,,see KKX
3,KLA1-9999,Russia. Soviet Union,,
3,KLB1-6499,"Russia (Federation, 1992- )",,
3,KLD1-490,Armenian S.S.R. (to 1991),,
3,KLE1-490,Azerbaijan,,
3,KLF1-490,Belarus (Republic),,
3,Estonia,Estonia,,see KJS
3,KLH1-490,Georgia (Republic),,
3,Latvia,Latvia,,see KKI
3,Lithuania,Lithuania,,see KKJ
3,KLM1-490,Moldova,,
3,KLN1-489,Russian S.F.S.R. (to 1991),,
3,KLP1-4989,Ukraine (1919-1991),,
3,KLP9001-9499,Zakavkazskaia Sotsialisticheskaia Federativnaia Sovetskaia Respublika (to 1936),,
3,KLQ1-499,Bukharskaia Narodnaia Sovetskaia Respublika (to 1924),,
3,KLR1-490,Kazakhstan,,
3,KLR1001-1499,Khorezmskaia Sovetskaia Sotsialisticheskaia Respublika (to 1924),,
3,KLS1-490,Kyrgyzstan,,
3,KLT1-490,Tadjikistan,,
3,KLV1-490,Turkmenistan,,
3,KLW1-490,"Uzbekistan Asia and Eurasia, Africa, Pacific Area, and Antarctica",,
2,Asia,Asia,,
3,KM1-999,General,,
3,MiddleEastSouthwestAsia,Middle East. Southwest Asia,,
4,KMC1-799,Regional comparative and uniform law,,
4,KME10-799,Regional organization and integration,,
4,KMF1-293.5,Armenia (Republic),,
4,KMF1001-1490,Bahrain,,
4,KMG1-489,Gaza,,
4,KMH1-4990,Iran,,
4,KMJ1-4990,Iraq,,
4,KMK1-4990,Israel,,
4,KML1-490,Jerusalem,,
4,KMM1-490,Jordan,,
4,KMM501-994,"West Bank (Territory under Israeli occupation, 1967- )",,
4,KMN1-499,Kuwait,,
4,KMP1-490,Lebanon,,
4,KMQ1-490,Oman,,
4,KMQ1001-1499,Palestine (to 1948),,
4,KMS1-490,Qatar,,
4,KMT1-4990,Saudi Arabia,,
4,SouthernYemen,Southern Yemen,,see KMY
4,KMU1-490,Syria,,
4,KMV1-9870,United Arab Emirates,,
4,KMX1001-1526,Yemen,,
4,KMY1-489,"Yemen (People's Democratic Republic) (to 1990) Asia and Eurasia, Africa, Pacific Area, and Antarctica Asia",,
3,SouthAsiaSoutheastAsiaEastAsia,South Asia. Southeast Asia. East Asia,,
4,KNC1-999,Regional comparative and uniform law,,
4,KNE150-499,Regional organization and integration,,
4,KNF1-4990,Afghanistan,,
4,KNG1-4990,Bangladesh,,
4,KNH1-490,Bhutan,,
4,KNK1-490,Brunei,,
4,KNL1-4990,Burma,,
4,KNM1-4990,Cambodia,,
4,KNN1-9000,China,,
4,KNP1-599,"China (Republic, 1949- ). Taiwan",,
4,KNQ1-9665,"China (People's Republic, 1949- )",,
4,KNR1-489,Hong Kong,,
4,KNS1-4999,India,,
5,KNT-KNU,"States, cities, etc.",,
4,KNV1-489,French Indochina,,
4,KNW1-4990,Indonesia,,
4,KNX1-4999,Japan,,
5,KNY10-220,"Cities, etc. Asia and Eurasia, Africa, Pacific Area, and Antarctica Asia South Asia. Southeast Asia. East Asia",,
4,KPA1-4990,Korea. South Korea,,
4,KPC1-4990,Democratic People's Republic of Korea. North Korea,,
4,KPE1-4990,Laos,,
4,KPF1-489,Macao,,
4,KPG1-6999,Malaysia,,
5,KPG7001-9999,States of East and West Malaysia (1957- ) (Part 1),,
5,KPH1-4990,States of East and West Malaysia (1957- ) (Part 2),,
4,KPH5001-5490,Maldives,,
4,KPJ1-490,Mongolia,,
4,KPK1-490,Nepal,,
4,KPL1-4990,Pakistan,,
4,KPM1-4990,Philippines,,
4,KPP1-499,Singapore,,
4,KPS1-4990,Sri Lanka,,
4,KPT1-4990,Thailand,,
4,KPV1-8094,Vietnam,,
4,KPW1-489,"Vietnam. South Vietnam Asia and Eurasia, Africa, Pacific Area, and Antarctica",,
2,Africa,Africa,,
3,KQ2-197,History of law,,
3,KQ2010-9000,Law of indigenous peoples,,
3,KQC1-999,Regional comparative and uniform law,,
3,KQE10-1249,Regional organization and integration,,
3,KQG1-4990,Algeria,,
3,KQH1-4990,Angola,,
3,KQJ1-490,Benin,,
3,KQK1-490,Botswana,,
3,KQM1-499,British Central Africa Protectorate,,
3,KQP1-499,British Indian Ocean Territory,,
3,KQP1001-1499,British Somaliland,,
3,KQT1-490,Burkina Faso,,
3,KQV1-490,Burundi,,
3,KQW1-8020,Cameroon,,
3,KQX1-490,"Cape Verde Asia and Eurasia, Africa, Pacific Area, and Antarctica Africa",,
3,KRB1-490,Central African Republic,,
3,KRC1-490,Chad,,
3,KRE1-490,Comoros,,
3,KRG1-490,Congo,,
3,KRK1-490,Djibouti,,
3,KRL1-499,East Africa Protectorate,,
3,KRM1-4990,Egypt,,
3,KRN1-499,Eritrea,,
3,KRP1-4990,Ethiopia,,
3,KRR1-499,French Equatorial Africa,,
3,KRS1-499,French West Africa,,
3,KRU1-490,Gabon,,
3,KRV1-489,Gambia,,
3,KRW1-499,German East Africa,,
3,KRX1-4990,Ghana,,
3,KRY1-499,"Gibraltar Asia and Eurasia, Africa, Pacific Area, and Antarctica Africa",,
3,KSA1-490,Guinea,,
3,KSC1-490,Guinea-Bissau,,
3,KSE1-490,Equatorial Guinea,,
3,KSE601-699,Ifni,,
3,KSG1-499,Italian East Africa,,
3,KSG1001-1499,Italian Somaliland,,
3,KSH1-4990,Ivory Coast,,
3,KSK1-4990,Kenya,,
3,KSL1-490,Lesotho,,
3,KSN1-490,Liberia,,
3,KSP1-4990,Libya,,
3,KSR1-490,Madagascar,,
3,KSS1-490,Malawi,,
3,KST1-490,Mali,,
3,KSU1-490,Mauritania,,
3,KSV1-490,Mauritius,,
3,KSV5001-5490,Mayotte,,
3,KSW1-4990,Morocco,,
3,KSX1-4990,Mozambique,,
3,KSY1-4990,Namibia,,
3,KSZ1-490,"Niger Asia and Eurasia, Africa, Pacific Area, and Antarctica Africa",,
3,KTA1-9150,Nigeria,,
3,KTC1-499,Réunion,,
3,KTD1-490,Rwanda,,
3,KTE1-490,Saint Helena,,
3,KTF1-490,São Tomé and Principe,,
3,KTG1-4990,Senegal,,
3,KTH1-490,Seychelles,,
3,KTJ1-490,Sierra Leone,,
3,KTK1-490,Somalia,,
3,KTL1-9560,"South Africa, Republic of",,
3,KTN1-499,Spanish West Africa (to 1958),,
3,KTN601-699,Spanish Sahara (to 1975),,
3,KTQ1-4990,Sudan,,
3,KTR1-490,Swaziland,,
3,KTT1-9910,Tanzania,,
3,KTU1-490,Togo,,
3,KTV1-4990,Tunisia,,
3,KTW1-490,Uganda,,
3,KTX1-4990,Zaire,,
3,KTY1-490,Zambia,,
3,KTY1501-1599,Zanzibar (to 1964),,
3,KTZ1-490,"Zimbabwe Asia and Eurasia, Africa, Pacific Area, and Antarctica Pacific Area",,
3,KU1-4999,Australia,,
4,KUA-KUH,States and territories,,
4,ExternalTerritories,External territories,,
5,KUN501-599,Norfolk Island,,
4,KUN3001-3050,"Cities, communities, etc.",,
3,KUQ1-4990,"New Zealand Asia and Eurasia, Africa, Pacific Area, and Antarctica Pacific Area Pacific area jurisdictions",,
4,RegionalComparativeAndUniformLaw,Regional comparative and uniform law,,
5,KVB1-999,Australia and New Zealand,,
5,KVC1-999,Other Pacific area jurisdictions,,
4,KVE200-349,Regional organization and integration,,
4,KVH1-490,American Samoa,,
4,KVH1001-1499,British New Guinea (Territory of Papua),,
4,KVL1-489,Cook Islands,,
4,KVM1-489,Easter Island,,
4,KVN1-490,Fiji,,
4,KVP1-100,French Polynesia,,
4,KVP1001-1099,German New Guinea (to 1914),,
4,KVQ1-490,Guam,,
4,KVR1-490,Kiribati,,
4,KVS1-490,Marshall Islands,,
4,KVS501-990,Micronesia (Federated States),,
4,KVS2501-2999,Midway Islands,,
4,KVU1-499,Nauru,,
4,KVU1001-1099,Netherlands New Guinea (to 1963),,
4,KVW1-490,"New Caledonia Asia and Eurasia, Africa, Pacific Area, and Antarctica Pacific Area Pacific area jurisdictions",,
4,KWA1-489,Niue,,
4,KWC1-490,Northern Mariana Islands,,
4,KWE1-499,Pacific Islands (Trust Territory),,
4,KWG1-490,Palau,,
4,KWH1-490,Papua New Guinea,,
4,KWL1-499,Pitcairn Island,,
4,KWL2001-2490,Solomon Islands,,
4,KWP1-490,Tonga,,
4,KWQ1-490,Tuvalu,,
4,KWR1-490,Vanuatu,,
4,KWT1-489,Wake Island,,
4,KWT2001-2490,Wallis and Futuna Islands,,
4,KWW1-490,Western Samoa,,
2,KWX,Antarctica,,
1,KZ2-6795,Law of nations,,
2,KZ2-5.5,Bibliography,,
2,KZ24-38,"Societies, etc.",,
3,KZ27-37,National,,
2,KZ(60)-62.5,Intergovernmental congresses and conferences,,
2,KZ(63)-1152,Sources. Fontes juris gentium,,
3,KZ118-194,Treaties and other international agreements,,
4,KZ119-165,To 1920,,
4,KZ170-173,1920-,,
4,KZ176-182.5,Boundary treaties,,
4,KZ183-183.5,"Treaties of arbitration, investigation, etc.",,
4,KZ184-194,Peace treaties,,
3,KZ199-218,Judicial decisions and arbitral awards. Law reports,,
3,KZ221-1152,By region or country,,
2,KZ1165-1208,Trials,,
3,KZ1168-1208,War crime trials,,
2,KZ1234-1236,Legal research. Legal bibliography,,
2,KZ1249-1252,International law and other disciplines,,
2,KZ1255-1273,Theory and principles,,
3,KZ1267-1273,Domain of the law of nations,,
2,KZ1284-1285.5,Methodology,,
2,KZ1287-1296,Codification of the law of nations,,
2,KZ1298-1304,The law of treaties. System of treaty law,,
2,KZ(1319)-(1327),International legal regimes,,
2,KZ1329-3085,Early/Medieval development to ca. 1900. Ius Naturae et Gentium,,
3,KZ1330-1339,Peace of Westphalia to the French Revolution (1648-1789),,
3,KZ1345-1369,French Revolution to the American Civil War (1789-1861),,
3,KZ1373-1387.2,American Civil War to the First Conference of the Hague (1861-1899),,
3,KZ2064-3085,Publicists. Writers on public international law,,
2,KZ3092-3405,20th century,,
3,KZ3110-3405,Publicists. Writers on public international law,,
2,KZ3410,21st century,,
2,KZ3670-3881,Objects of the law of nations. Territory and its different parts,,
2,KZ3900-(5490),The international legal community and members,,
3,KZ3910-(5490),Subjects of the law of nations,,
4,KZ4002-4080,The state,,
4,KZ4110,By region,,
4,KZ4112-4820,By state,,
4,KZ4850-(5490),Intergovernmental organizations. IGOs,,
5,KZ4853-(4934),The League of Nations,,
5,KZ(4935)-5275,The United Nations,,
5,KZ(5330)-(5490),Regional organizations,,
2,KZ5510-6299,International law of peace and peace enforcement,,
3,KZ5586-5893,The system of collective security,,
4,KZ5615-5893,Arms control and disarmament regimes,,
5,KZ5637-5645,Conventional arms control,,
5,KZ5647-5686,Nuclear (Strategic) arms limitation,,
5,KZ5687-5788.5,Nuclear weapon free zones and zones of peace,,
5,KZ5834-5865,Other weapons of mass destruction,,
5,KZ5870-5893,Mutual and balanced reduction of armed forces,,
4,KZ5900-5967,Military pact systems for collective self-defense,,
4,KZ6009-6299,Pacific settlement of international disputes and conflict resolution,,
5,KZ6115-6299,Arbitration and adjudication,,
2,KZ6350-6785,Enforced settlement of international disputes,,
3,KZ6360-6373,Non-military coercion,,
3,KZ6374-(6377),Threat of force,,
3,KZ6378-6795,Law of war and neutrality. Jus belli,,
4,KZ6427-6437,Warfare on land,,
4,KZ6440-6530,Humanitarian law,,
4,KZ6540-6660,Warfare on sea,,
4,KZ6665-6714,Air warfare,,
4,KZ6730-6785,The end of war. Armistice. Surrender. Postliminy,,
1,KZA1002-(4205),Law of the sea,,
2,KZA1040-1065,Intergovernmental congresses and conferences,,
2,KZA1118-1122,Treaties and other international agreements,,
2,KZA1340-1417,Concepts and principles,,
3,KZA1340,Mare clausum doctrine,,
3,KZA1348-1405,Mare liberum doctrine,,
2,KZA1430-1690,Maritime boundaries,,
3,KZA1630-1664,Continental shelf,,
2,KZA(3481)-(3900),Marine resources conservation and development,,
3,KZA(3891)-(3900),High-seas fisheries and fisheries regimes,,
2,KZA4130-(4205),Public order of the oceans,,
1,KZD1002-6715,Space law. Law of outer space,,
2,KZD1040-1065,Intergovernmental congresses and conferences,,
2,KZD1118-1122,Treaties and other international agreements,,
2,KZD1340-1400,Concepts and principles. Theory,,
3,KZD1390-1400,Regulated use theory,,
2,KZD1410,The source of the law of space,,
2,KZD1420-1455,Boundaries,,
2,KZD3489-4406,Peaceful uses of outer space,,
3,KZD3489.5-3608,Space resources,,
3,KZD4030-4326,Public order in space and outer space,,
4,KZD4080-4210,Space flight,,
4,KZD(4301)-4310,Space communication,,
3,KZD4320.2-4326,Rescue operations in outer space,,
3,KZD4440-4406,Liability for accidents,,
2,KZD5614-6715,Un-peaceful uses of outer space,,
3,KZD5620-5622.2,Treaties and other international agreements,,
3,KZD5648-5680.2,Disarmament and demilitarization regimes in outer space,,
0,L,EDUCATION,,
1,L7-991,Education (General),,
2,L7-97,Periodicals. Societies,,
2,L101,Yearbooks,,
2,L107,Congresses,,
2,L111-791,"Official documents, reports, etc.",,
2,L797-898,Educational exhibitions and museums,,
2,L899,School fairs,,
2,L900-991,Directories of educational institutions,,
1,LA5-2396,History of education,,
2,LA5-25,General,,
2,LA31-135,By period,,
2,LA173-186,Higher education,,
2,LA201-398,United States,,
2,LA410-2284,Other regions or countries,,
2,LA2301-2396,Biography,,
1,LB5-3640,Theory and practice of education,,
2,LB5-45,General,,
2,LB51-885,Systems of individual educators and writers,,
2,LB1025-1050.75,Teaching (Principles and practice),,
3,LB1049.9-1050.75,Reading (General),,
2,LB1050.9-1091,Educational psychology,,
2,LB1101-1139,Child study,,
2,LB1139.2-1139.5,Early childhood education,,
2,LB1140-1140.5,Preschool education. Nursery schools,,
2,LB1141-1489,Kindergarten,,
2,LB1501-1547,Primary education,,
2,LB1555-1602,Elementary or public school education,,
2,LB1603-1696.6,Secondary education. High schools,,
2,LB1705-2286,Education and training of teachers and administrators,,
3,LB1771-1773,Certification of teachers,,
3,LB1775-1785,Professional aspects of teaching and school administrators. Vocational guidance,,
3,LB1805-2151,State teachers colleges,,
4,LB1811-1987,United States,,
4,LB1991-2151,Other regions or countries,,
3,LB2165-2278,Teacher training in universities and colleges,,
2,LB2300-2430,Higher education,,
3,LB2326.4-2330,Institutions of higher education,,
3,LB2331.7-2335.8,Teaching personnel,,
3,LB2335.86-2335.885,Trade unions,,
3,LB2335.95-2337,"Endowments, trusts, etc.",,
3,LB2337.2-2340.8,Student financial aid,,
3,LB2341-2341.95,Supervision and administration. Business management,,
3,LB2351-2359,Admissions and entrance requirements,,
3,LB2361-2365,Curriculum,,
3,LB2366-2367.75,College examinations,,
3,LB2371-2372,Graduate education,,
3,LB2381-2391,Academic degrees,,
2,LB2799-2799.3,Educational consultants and consulting,,
2,LB2801-3095,School administration and organization,,
3,LB2831.6-2831.99,Administrative personnel,,
3,LB2832-2844.1,Teaching personnel,,
3,LB2844.52-2844.63,Trade unions,,
3,LB3011-3095,School management and discipline,,
4,LB3045-3048,Textbooks,,
4,LB3050-3060.87,"Educational tests, measurements, evaluations and examinations",,
2,LB3201-3325,School architecture and equipment. School physical facilities. Campus planning,,
2,LB3401-3495,School hygiene. School health services,,
2,LB3497-3499,Hygiene in universities and colleges,,
2,LB3525-3575,Special days,,
2,LB3602-3640,School life. Student manners and customs,,
1,LC8-6691,Special aspects of education,,
2,LC8-59,Forms of education,,
3,LC8,General works,,
3,LC15,Conversation and culture,,
3,LC25-33,Self-education. Self-culture,,
3,LC37-44.3,Home education,,
3,LC45-45.8,Nonformal education,,
3,LC47-58.7,Private school education,,
4,LC58-58.7,Preparatory schools. Preparatory school education,,
3,LC59,Public school education,,
2,LC65-245,Social aspects of education,,
3,LC65-67.68,Economic aspects of education,,
3,LC68-70,Demographic aspects of education,,
3,LC71-120.4,Education and the state,,
4,LC72-72.5,Academic freedom,,
4,LC107-120.4,Public school question. Secularization. Religious instruction in the public schools,,
3,LC129-139,Compulsory education,,
3,LC142-148.5,Attendance. Dropouts,,
3,LC149-161,Literacy. Illiteracy,,
3,LC165-182,Higher education and the state,,
3,LC184-188,Taxation of schools and colleges,,
3,LC189-214.53,Educational sociology,,
4,LC212-212.863,Discrimination in education,,
4,LC212.9-212.93,Sex differences in education,,
4,LC213-214.53,Educational equalization. Right to education,,
3,LC215-238.4,Community and the school,,
4,LC223,Schools as community centers,,
4,LC225-226.7,Home and school,,
4,LC230-235,Parent-teacher associations. Home and school associations,,
4,LC237-238.4,College-university and the community,,
3,LC241-245,"Foundations, endowments, funds",,
2,LC251-951,Moral and religious education,,
3,LC251-318,Moral education. Character building,,
3,LC321-951,Religion and education. Education under church control,,
4,LC361-629,Christian education. Church education,,
5,LC446-454,Orthodox Eastern Church,,
5,LC461-510,Roman Catholic,,
5,LC531-629,Protestant,,
4,LC701-775,Jewish education,,
4,LC901-915,Islamic education,,
4,LC921-929.7,Buddhist education,,
4,LC951,Other,,
2,LC980-1099.5,Types of education,,
3,LC1001-1024,Humanistic education. Liberal education,,
4,LC1022-1022.25,Computer-assisted education,,
3,LC1025-1027,Collective education,,
3,LC1030,Communist education,,
3,LC1031-1034.5,Competency based education,,
3,LC1035-1035.8,Basic education. Basic skills education,,
3,LC1036-1036.8,Community education,,
3,LC1037-1037.8,Career education,,
3,LC1041-1048,Vocational education (General),,
3,LC1049-1049.8,Cooperative education,,
3,LC1051-1072,Professional education,,
3,LC1081-1087.4,Industrial education (General),,
3,LC1090-1091,Political education,,
3,LC1099-1099.5,Multicultural education (General),,
2,LC1200-1203,Inclusive education,,
2,LC1390-5160.3,Education of special classes of persons,,
3,LC1390,Men. Boys,,
3,LC1401-2572,Women. Girls,,
3,LC2574-2576,Gays. Lesbians. Bisexuals,,
3,LC2580-2582,Student-athletes,,
3,LC2601-2611,Education in developing countries,,
3,LC2630-2638,Asian Americans. Asians in the United States,,
3,LC2667-2698,Latin Americans. Hispanic Americans,,
4,LC2680-2688,Mexican Americans. Mexicans in the United States,,
4,LC2690-2698,Puerto Ricans. Puerto Ricans in the United States,,
3,LC2699-2913,Blacks. African Americans,,
3,LC3001-3501,Asians,,
3,LC3503-3520,Romanies. Gypsies,,
3,LC3530-3540,Lapps,,
3,LC3551-3593,Jews,,
3,LC3701-3740,Immigrants or ethnic and linguistic minorities. Bilingual schools and bilingual education,,
3,LC3745-3747,Children of immigrants (First generation),,
3,LC3950-4806.5,Exceptional children and youth. Special education,,
4,LC3991-4000,Gifted children and youth,,
4,LC4001-4806.5,Children and youth with disabilities. Learning disabled children and youth,,
3,LC4812-5160.3,Other special classes,,
2,LC5161-5163,Fundamental education,,
2,LC5201-6660.4,Education extension. Adult education. Continuing education,,
3,LC5451-5493,Aged education,,
3,LC5501-5560,Evening schools,,
3,LC5701-5771,Vacation schools. Summer schools,,
3,LC5800-5808,Distance education,,
3,LC5900-6101,Correspondence schools,,
3,LC6201-6401,University extension,,
3,LC6501-6560.4,Lyceums and lecture courses. Forums,,
3,LC6571-6581,Radio and television extension courses. Instruction by radio and television,,
3,LC6601-6660.4,Reading circles and correspondence clubs,,
2,LC6681,Education and travel,,
2,LC6691,Traveling educational exhibits,,
1,LD13-7501,Individual institutions,,
2,IndividualInstitutionsUnitedStates,United States,,
3,LD13-7251,Universities. Colleges,,
4,LD6501,Community colleges. Junior colleges,,
4,LD7020-7251,Women's colleges,,
3,LD7501,Secondary and elementary schools,,
1,LE3-78,Individual institutions,,
2,IndividualInstitutionsAmericaExceptUnitedStates,America (except United States),,
3,LE3-5,Canada,,
3,LE7-9,Mexico,,
3,LE11-13,Central America,,
3,LE15-17,West Indies,,
3,LE21-78,South America,,
4,LE21-23,Argentina,,
4,LE27-29,Bolivia,,
4,LE31-33,Brazil,,
4,LE36-38,Chile,,
4,LE41-43,Colombia,,
4,LE46-48,Ecuador,,
4,LE51-59,Guianas,,
4,LE61-63,Paraguay,,
4,LE66-68,Peru,,
4,LE71-73,Uruguay,,
4,LE76-78,Venezuela,,
1,LF14-5627,Individual institutions,,
2,LF14-1257,Great Britain,,
3,LF14-797,England,,
3,LF800-957,Ireland,,
3,LF960-1137,Scotland,,
3,LF1140-1257,Wales,,
2,LF(1311)-1537,Austria,,
2,LF1541-1549,Czech Republic,,
2,LF1550-1550.8,Slovakia,,
2,LF1561-1697,Hungary,,
2,LF1705-1709,Finland,,
2,LF1711-2397,France,,
2,LF2402-3197,Germany,,
2,LF3211-3247,Greece,,
2,LF3248-3897,Italy,,
2,LF3899,Malta,,
2,LF3911-4067,Belgium,,
2,LF4069,Luxembourg,,
2,LF4071-4197,Netherlands,,
2,LF4203-4209,Poland,,
2,LF(4211)-4437,Russia (Federation),,
2,LF4440-4441,Estonia,,
2,LF4443-4444,Latvia,,
2,LF4445-4446,Lithuania,,
2,LF4447.2-4447.5,Belarus,,
2,LF4448-4448.5,Moldova,,
2,LF4449.2-4449.5,Ukraine,,
2,LF4451-4487,Denmark,,
2,LF4488-4488.2,Faroe Islands,,
2,LF4489-4491,Iceland,,
2,LF4493-4537,Norway,,
2,LF4539-4607,Sweden,,
2,LF4610-4827,Spain,,
2,LF4831-4887,Portugal,,
2,LF4901-5047,Switzerland,,
2,LF5051-5627,Turkey and the Baltic states,,
1,LG21-961,Individual institutions,,
2,LG21-395,Asia,,
3,LG21,Afghanistan,,
3,LG51-53,China,,
3,LG55-57,Taiwan,,
3,LG60-170.2,India. Pakistan. Bangladesh. Burma. Sri Lanka. Nepal,,
3,LG171-172,Indochina,,
3,LG173,Malaysia,,
3,LG181-184,Indonesia,,
3,LG185-187,Papua-New Guinea (Ter.),,
3,LG200-227,Philippines,,
3,LG240-277,Japan,,
3,LG281-285,Korea,,
3,LG291,Iran,,
3,LG302.2-320,Former Soviet republics in Asia,,
3,LG321,Asia Minor,,
3,LG331-331.5,Armenia (Republic),,
3,LG332.2-332.5,Azerbaijan,,
3,LG332.7-332.9,Georgia (Republic),,
3,LG333,Bahrain,,
3,LG338,Iraq,,
3,LG341-345,Israel. Palestine,,
3,LG346,Jordan,,
3,LG347,Kuwait,,
3,LG351-357,Lebanon,,
3,LG358,Qatar,,
3,LG359,Saudi Arabia,,
3,LG361-367,Syria,,
3,LG370,Yeman (Yemen Arab Republic),,
3,LG395,Other,,
2,LG401-681,Africa,,
3,LG401,Ethiopia,,
3,LG405-411,South Africa,,
3,LG416,Botswana,,
3,LG418,Kenya,,
3,LG419,Lesotho,,
3,LG421-423,Uganda,,
3,LG431-438,Natal,,
3,LG441-443,Malawi,,
3,LG451,Orange Free State,,
3,LG454,Swaziland,,
3,LG457,Transkei,,
3,LG459,Venda,,
3,LG461-462,Zimbabwe,,
3,LG468,Tanzania,,
3,LG469,Zambia,,
3,LG471-475,Transvaal,,
3,LG478,Zululand,,
3,LG481-505,West Africa,,
4,LG481-483,Nigeria,,
4,LG497-499,Ghana,,
3,LG511,Egypt,,
3,LG513-514,Sudan,,
3,LG521,Algeria and Tunisia,,
3,LG525,Burundi,,
3,LG531-536,French Equatorial Africa. French Congo,,
3,LG541-543,Madagascar,,
3,LG545-547,Rwanda,,
3,LG551-552,Senegal,,
3,LG553-554,Benin,,
3,LG559-560,Ivory Coast,,
3,LG561,Mali,,
3,LG581-593,German Africa (Former),,
3,LG601-611,Italian Africa (Former),,
3,LG615,Zaire,,
3,LG621,Liberia,,
3,LG631-632,Morocco,,
3,LG641-651,Portuguese Africa (Former),,
3,LG671,Spanish Africa,,
3,LG681,Libya,,
2,LG690,Indian Ocean islands,,
2,LG715-720,Australia,,
2,LG741-745,New Zealand,,
2,LG961,Pacific islands,,
1,LH1-9,College and school magazines and papers,,
1,LJ3-165,"Student fraternities and societies, United States",,
1,LT6-(1001),Textbooks,,"Class here textbooks covering several subjects. For textbooks on particular subjects, see the subject in B-Z"
0,M,MUSIC,,
1,M1-5000,Music,,
2,M1-1.A15,Music printed or copied in manuscript in the United States or the colonies before 1860,,
2,M1.A5-3.3,Collections,,
3,M1.A5-Z,Miscellaneous,,
3,M2-2.3,Musical sources,,
3,M3-3.3,Collected works of individual composers,,
2,M5-1480,Instrumental music,,
3,M5,Collections,,
3,M6-175.5,One solo instrument,,
3,M176,Motion picture music,,
3,M176.5,Radio and television music,,
3,M177-990,Two or more solo instruments,,
3,M1000-1075,Orchestra,,
3,M1100-1160,String orchestra,,
3,M1200-1270,Band,,
3,M1350-1366,Other ensembles,,
3,M1375-1420,Instrumental music for children,,
3,M1470-1480,Aleatory music. Electronic music. Mixed media,,
2,M1490,Music printed or copied in manuscript before 1700,,
2,M1495-2199,Vocal music,,
3,M1495,Collections,,
3,M1497-1998,Secular vocal music,,
4,M1497,Collections,,
4,M1500-1527.8,Dramatic music,,
4,M1528-1529.5,Two or more solo voices,,
4,M1530-1609,Choruses,,
4,M1611-1624.8,One solo voice,,
4,M1625-1626,Recitations with music,,
4,M1627-1853,"Folk, national and ethnic music",,
4,M1900-1985,Songs of specific groups or on specific topics,,
4,M1990-1998,Secular vocal music for children,,
3,M1999-2199,Sacred vocal music,,
4,M1999,Collections,,
4,M2000-2007,Dramatic music,,
4,M2010-2017.6,"Choral services, etc.",,
4,M2018-2019.5,Two or more solo voices,,
4,M2020-2101.5,Choruses,,
4,M2102-2114.8,One solo voice,,
4,M2115-2146,Hymnals. Hymn collections,,
4,M2147-2188,Liturgy and ritual,,
4,M2190-2196,Sacred vocal music for children,,
4,M2198-2199,Popular religious and devotional music,,
2,M5000,Unidentified compositions,,
1,ML1-3930,Literature on music,,
2,ML1-5,Periodicals. Serials,,
2,ML12-21,Directories. Almanacs,,
2,ML25-28,Societies and other organizations,,
2,ML29-31,Special collections,,
2,ML32-33,Institutions,,
2,ML35-38,Festivals. Congresses,,
2,ML40-44,Programs,,
2,ML45,Circulars and advertisements,,
2,ML46,Scrapbooks,,
2,ML47-54.8,Librettos. Texts. Scenarios,,
2,ML55-89,Aspects of the field of music as a whole,,
2,ML93-96.5,Manuscript studies and manuscripts,,
2,ML100-109,Dictionaries. Encyclopedias,,
2,ML110-111.5,Music librarianship,,
2,ML112-112.5,Music printing and publishing,,
2,ML112.8-158.8,Bibliography,,
2,ML159-3785,History and criticism,,
3,ML159-161,General works,,
3,ML162-197,By period,,
3,ML198-360.6,By region or country,,
3,ML385-429,Biography,,
3,ML430-458,Composition and performance,,
3,ML459-1380,Instruments and instrumental music,,
3,ML1400-3275,Vocal music,,
3,ML3300-3351,Program music,,
3,ML3400-3465,Dance music,,
3,ML3469-3541,Popular music,,
3,ML3544-3776,"Folk, national, and ethnic music",,
3,ML3780,Music on particular topics,,
3,ML3785,Musical journalism,,
2,ML3790-3792,Music trade,,
2,ML3795,Music as a profession. Vocational guidance,,
2,ML3797-3799.5,Musical research,,
2,ML3800-3923,Philosophical and societal aspects of music. Physics and acoustics of music. Physiological aspects of music,,
3,ML3800,General works,,
3,ML3805-3817,Physics and acoustics,,
3,ML3820,Physiological aspects of music,,
3,ML3830-3840,Psychology,,
3,ML3845-3877,Aesthetics,,
3,ML3880-3915,Criticism,,
3,ML3916-3918,Social and political aspects of music,,
3,ML3919-3920,Moral influence of music. Therapeutic use of music,,
3,ML3921-3921.8,Religious aspects of music,,
3,ML3922,Music in the workplace,,
2,ML3928-3930,Literature for children,,
1,MT1-960,Instruction and study,,
2,MT1,General works,,
2,M2.5,Music study abroad,,
2,MT3-5,History,,
2,MT5.5-7,Music theory,,
2,MT9-15,Printed pedagogical aids,,
3,MT9,"Examinations, exercises, etc.",,
3,MT10,"Teachers= and supervisors= manuals, etc.",,
3,MT15,"Charts, diagrams, etc.",,
2,MT17,Music in special education,,
2,MT18,Music in colleges and universities,,
2,MT20-34,Systems and methods,,
2,MT35-39,Notation,,
2,MT40-67,Composition. Elements and techniques of music,,
2,MT68,Improvisation. Accompaniment. Transposition,,
2,MT70-74,Instrumentation and orchestration,,
2,MT75,Interpretation,,
2,MT80,Embellishment,,
2,MT82,Memorizing,,
2,MT85,Conducting. Score reading and playing,,
2,MT87,Community music,,
2,MT88,Administration and instruction of vocal groups,,
2,MT90-146,Analysis and appreciation of musical works,,
2,MT150,Audio-visual aids,,
2,MT155,Music theory for children,,
2,MT165,Tuning,,
2,MT170-810,Instrumental techniques,,
3,MT179-258,Keyboard instruments,,
3,MT259-338,Stringed instruments. Bowed stringed instruments,,
3,MT339-533,Wind instruments,,
3,MT539-654,Plucked instruments,,
3,MT655-725,Percussion and other instruments,,
3,MT728-735,Ensembles,,
3,MT737,Motion picture accompanying,,
3,MT740-810,Instrumental techniques for children,,
2,MT820-915,Singing and vocal technique,,
3,MT898-915,Vocal techniques for children,,
2,MT918-948,School music,,
3,MT920-925,Kindergarten,,
3,MT930-948,Elementary schools. Junior high schools. High schools,,
2,MT949.5,Whistling,,
2,MT950,"Music to accompany instruction in ballet, folk dancing, gymnastics, etc.",,
2,MT955-956,Musical theater,,
2,MT960,Music in the theater,,
0,N,FINE ARTS,,
1,N1-(9211),Visual arts,,
2,N1-58,General,,
2,N61-72,Theory. Philosophy. Aesthetics of the visual arts,,
2,N81-390,Study and teaching. Research,,
2,N400-3990,"Art museums, galleries, etc.",,
2,N4390-5098,Exhibitions,,
2,N5198-5299,Private collections and collectors,,
2,N5300-7418,History,,
2,N7420-7525.8,General works,,
2,N7560-8266,Special subjects of art,,
2,N8350-8356,Art as a profession. Artists,,
2,N8510-8553,"Art studios, materials, etc.",,
2,N8554-8585,Examination and conservation of works of art,,
2,N8600-8675,Economics of art,,
2,N8700-9165,Art and the state. Public art,,
1,NA1-9428,Architecture,,
2,NA1-60,General,,
2,NA100-130,Architecture and the state,,
2,NA190-1555.5,History,,
2,NA1995,Architecture as a profession,,
2,NA2000-2320,Study and teaching. Research,,
2,NA2335-2360,Competitions,,
2,NA2400-2460,Museums. Exhibitions,,
2,NA2500-2599,General works,,
2,NA2599.5-2599.9,Architectural criticism,,
2,NA2695-2793,Architectural drawing and design,,
2,NA2835-4050,Details and decoration,,
2,NA4100-8480,Special classes of buildings,,
3,NA4100-4145,Classed by material,,
3,NA4150-4160,Classed by form,,
3,NA4170-8480,Classed by use,,
4,NA4170-(7020),Public buildings,,
5,NA4590-5621,Religious architecture,,
4,NA7100-7884,Domestic architecture. Houses. Dwellings,,
4,NA7910-8125,"Clubhouses, guild houses, etc.",,
4,NA8200-8260,Farm architecture,,
4,NA8300-8480,"Outbuildings, gates, fences, etc.",,
2,NA9000-9428,Aesthetics of cities. City planning and beautifying,,
1,NB1-1952,Sculpture,,
2,NB1-50,General,,
2,NB60-1115,History,Including collective biography,
2,NB1120-1133,Study and teaching,,
2,NB1134-1134.4,Competitions,,
2,NB1135-1150,General works,,
2,NB1160-1195,Designs and technique,,
2,NB1199-1200,Restoration of sculptures,,
2,NB1203-1270,Special materials,,
2,NB1272-1291,"Mobiles, color, sculpture gardens, etc.",,
2,NB1293-1895,Special forms,,
3,NB1293-1310,Portrait sculpture,,
3,NB1312-1313,Equestrian statues,,
3,NB1330-1685,Sculptural monuments,,
3,NB1750-1793,Religious monuments and shrines,,
3,NB1800-1880,Sepulchral monuments,,
2,NB1910-1952,Special subjects,,
1,NC1-1940,Drawing. Design. Illustration,,
2,NC1-45,General,Including collective biography,
2,NC50-266,History of drawing,,
2,NC390-670,Study and teaching,,
2,NC673-677,Competitions,,
2,NC703-725,General works,,
2,NC730-758,Technique,,
2,NC760-825,Special subjects,,
2,NC845-915,Graphic art materials,,
2,NC930,Conservation and restoration of drawings,,
2,NC950-(996),Illustration,,
2,NC997-1003,Commercial art. Advertising art,,
2,NC1280-1284,Printed ephemera. Imagerie populaire,,
2,NC1300-1766,"Pictorial humor, caricature, etc.",,
2,NC1800-1850,Posters,,
2,NC1860-1896,"Greeting cards, postcards, invitations, book jackets, etc.",,
2,NC1920-1940,"Copying, enlarging, and reduction of drawings",,
1,ND25-3416,Painting,,
2,ND25-(48),General,,
2,ND49-813,History,,
2,ND1115-1120,Study and teaching,,
2,ND1130-1156,General works,,
2,ND1288-1460,Special subjects,,
3,ND1290-1293,Human figure,,
3,ND1300-1337,Portraits,,
3,ND1340-1367,Landscape painting,,
3,ND1370-1375,Marine painting,,
3,ND1380-1383,Animals. Birds,,
3,ND1385-1388,"Sports. Hunting, fishing, etc.",,
3,ND1390-1393,Still life,,
3,ND1400-1403,Flowers. Fruit. Trees,,
3,ND1410-1460,Other subjects,,
2,ND1470-1625,Technique and materials,,
2,ND1630-1662,Examination and conservation of paintings,,
2,ND1700-2495,Watercolor painting,,
2,ND2550-2733,Mural painting,,
2,ND2889-3416,Illuminating of manuscripts and books,,
1,NE1-3002,Print media,,
2,NE1-978,Printmaking and engraving,,
3,NE1-90,General,,
3,NE218-(330),Engraved portraits. Self-portraits,,
3,NE380,Conservation and restoration of prints,,
3,NE390-395,Collected works,,
3,NE400-773,History of printmaking,,
3,NE830-898,General works,,
3,NE951-962,Special subjects,,
3,NE965-965.3,Tradesmen's cards,,
3,NE970-973,Study and teaching,,
3,NE975-975.4,Competitions,,
3,NE977-978,Equipment,,
2,NE1000-1352,Wood engraving,,
3,NE1000-1027,General,,
3,NE1030-1196.3,History,,
3,NE1220-1233,General works,,
3,NE1310-1326.5,Japanese prints,,
3,NE1330-1336,Linoleum block prints,,
3,NE1340,Fish prints,,
3,NE1344-1345,Potato prints,,
3,NE1350-1352,Other materials used in relief printing,,
2,NE1400-1879,Metal engraving,,
3,NE1400-1422,General,,
3,NE1620-1630,General works,,
3,NE1634-1749,History,,
3,NE1750-1775,Copper engraving,,
3,NE1850-1879,Color prints,,
2,NE1940-2232.5,Etching and aquatint,,
3,NE1940-1975,General,,
3,NE1980-2055.5,History,,
3,NE2120-2140,General works,,
3,NE2141-2149,Special subjects,,
3,NE2220-2225,Dry point,,
2,NE2236-2240.6,Serigraphy,,
2,NE2242-2246,Monotype (Printmaking),,
2,NE2250-2570,Lithography,,
2,NE2685-2685.8,Lumiprints,,
2,NE2690,Engraving on glass,,
2,NE2800-2880,Printing of engravings,,
2,NE3000-3002,Copying art. Copying machine art,,
1,NK1-(9990),Decorative arts,,
2,NK1-570,General,,
2,NK600-806,History,,
2,NK1135-1149.5,Arts and crafts movement,,
2,NK1160-1590,Decoration and ornament. Design,,
3,NK1160-1174,General,,
3,NK1175-(1498),History,,
3,NK1505-1535,General works,,
3,NK1548-1590,Special subjects for design,,
2,NK1648-1678,Religious art,,
2,NK1700-2195,Interior decoration. House decoration,,
3,NK1700-2138,"General. History, etc.",Including special rooms,
3,NK2140-2180,Decorative painting,,
3,NK2190-2192,Church decoration,,
2,NK2200-2750,Furniture,,
2,NK2775-2898,Rugs and carpets,,
2,NK2975-3049,Tapestries,,
2,NK3175-3296.3,Upholstery. Drapery,,
2,NK3375-3496.3,Wallpapers,,
2,NK3600-(9990),Other arts and art industries,,
3,NK3700-4695,Ceramics,,
3,NK4700-4890,Costume,,
3,NK5100-5440,Glass,,
3,NK5500-6060,Glyptic arts,,
3,NK6400-8459,Metalwork,,
3,NK8800-9505.5,Textiles,,
3,NK9600-9955,Woodwork,,
1,NX1-820,Arts in general,,
2,NX1-260,General,,
2,NX280-410,Study and teaching. Research,,
2,NX411-415,Competitions,,
2,NX420-430,Exhibitions,,
2,NX440-632,History of the arts,,
2,NX650-694,"Special subjects, characters, persons, religious arts, etc.",,
2,NX700-750,Patronage of the arts,,
2,NX760-770,Administration of the arts,,
2,NX775-777,Voluntarism in the arts,,
2,NX798-820,Arts centers and facilities,,
0,P,LANGUAGE AND LITERATURE,,
1,P1-1091,Philology. Linguistics,,
2,P1-85,General,,
2,P87-96,Communication. Mass media,,
3,P94.7,Interpersonal communication,,
3,P95-95.6,Oral communication. Speech,,
2,P98-98.5,Computational linguistics. Natural language processing,,
2,P99-99.4,Semiotics. Signs and symbols,,
2,P99.5-99.6,Nonverbal communication,,
2,P101-410,Language. Linguistic theory. Comparative grammar,,
3,P118-118.75,Language acquisition,,
3,P121-149,Science of language (Linguistics),,
3,P201-299,Comparative grammar,,
3,P301-301.5,Style. Composition. Rhetoric,,
3,P302-302.87,Discourse analysis,,
3,P306-310,Translating and interpreting,,
3,P321-324.5,Etymology,,
3,P325-325.5,Semantics,,
3,P326-326.5,Lexicology,,
3,P327-327.5,Lexicography,,
3,P375-381,Linguistic geography,,
2,P501-769,Indo-European (Indo-Germanic) philology,,
2,P901-1091,Extinct ancient or medieval languages,,
1,PA1-199,Classical philology,,
1,PA201-899,Greek philology and language,,
1,PA1000-1179,Medieval and modern Greek language,,
1,PA2001-2915,Latin philology and language,,
1,PA3000-3049,Classical literature,,
1,PA3050-4505,Greek literature,,
2,PA3051-3285,Literary history,,
2,PA3300-3516,Collections,,
2,PA3520-3564,"Criticism, interpretation, etc.",,
2,PA3601-3681,Translations,,
2,PA3818-4505,Individual authors,,
4,PA3825-3849,Aeschylus,,
4,PA3851-3858,Aesop,,
4,PA3890-3926,Aristotle,,
4,PA3949-3964,Demosthenes,,
4,PA3973-3992,Euripedes,,
4,PA4018-4209,Homer,,
4,PA4279-4333,Plato,,
4,PA4367-4389,Plutarch,,
4,PA4413-4434,Sophocles,,
4,PA4452-4486,Thucydides,,
4,PA4494-4499,Xenophon,,
1,PA5000-5660,Byzantine and modern Greek literature,,
2,PA5301-5638.36,Individual authors,,
1,PA6000-6971,Roman literature,,
2,PA6001-6097,Literary history,,
2,PA6100-6140,Collections,,
2,PA6141-6144,"Criticism, interpretation, etc.",,
2,PA6155-6191,Translations,,
2,PA6202-6971,Individual authors,,
4,PA6235-6269,"Caesar, Julius",,
4,PA6278-6370,"Cicero, Marcus Tullius",,
4,PA6393-6444,Horace,,
4,PA6482-6496,"Lucretius Carus, Titus",,
4,PA6501-6510,Martial,,
4,PA6519-6553,Ovid,,
4,PA6568-6609,"Plautus, Titus Maccius",,
4,PA6611-6637,"Pliny, the Elder",,
4,PA6661-6693,"Seneca, Lucius Annaeus",,
4,PA6705-6753,"Tacitus, Cornelius",,
4,PA6755-6785,"Terentius Apher, Publius (Terence)",,
4,PA6801-6961,"Vergilius Maro, Publius (Virgil)",,
1,PA8001-8595,Medieval and modern Latin literature,,
2,PA8200-8595,Individual authors,,
1,PB1-3029,Modern languages. Celtic languages,,
2,PB1-431,Modern languages,,
2,PB1001-3029,Celtic languages and literature,,
3,PB1101-1200,Goidelic. Gaelic,,
4,PB1201-1449,Irish,,
4,PB1501-1709,"Gaelic (Scottish Gaelic, Erse)",,
4,PB1801-1867,Manx,,
3,PB1950,Pict,,
3,PB2001-3029,Brittanic group,,
4,PB2101-2499,Welsh. Cymric,,
4,PB2501-2621,Cornish,,
4,PB2801-2932,Breton. Armorican,,
3,PB3001-3029,Gaulish,,
1,PC1-5498,Romance,,
2,PC1-400,General,,
2,PC601-872,Romanian,,
2,PC901-986,Raeto-Romance,Including Romansh,
2,PC1001-1977,Italian,,
2,PC1981-1984,Sardinian,,
2,PC2001-3761,French,,
3,PC2700-(3708),Dialects. Provincialisms,,
4,PC2813-(2898),Old French,,
4,PC3201-3366,Provencal (Old),,
4,PC3371-3420.5,Modern patois of South France,,
4,PC3420.8-3495,Langue d'oc dialects,,
3,PC3721-3761,Slang. Argot,,
2,PC3801-3976,Catalan,,
2,PC4001-4977,Spanish,,
2,PC5001-5498,Portuguese,,
1,PD1-(7159),Germanic,,
2,PD1-780,General,,
2,PD1001-1350,Old Germanic dialects,,
3,PD1101-1211,Gothic,,
2,PD1501-(7159),North Germanic. Scandinavian,,
3,PD2201-2393,Old Norse. Old Icelandic and Old Norwegian,,
3,PD2401-2446,Modern Icelandic,,
3,PD(2501)-2999,Norwegian,,
3,PD3001-3929,Danish,,
3,PD5001-5929,Swedish,,
3,PD(6000)-(7159),"Scandinavian dialects, Modern",,
1,PE1-3729,English,,
2,PE101-(458),Anglo-Saxon. Old English,,
2,PE501-(693),Middle English,,
2,PE(814)-896,Early Modern English,,
2,PE1001-1693,Modern English,,
2,PE1700-3602,"Dialects. Provincialisms, etc.",,
2,PE3701-3729,"Slang. Argot, etc.",,
1,PF1-5999,West Germanic,,
2,PF1-979,Dutch,,
2,PF1001-1184,Flemish,,
2,PF1401-1541,Friesian,,
2,PF3001-5999,German,,
3,PF3801-3991,Old High German,,
3,PF3992-4010,Old Saxon,,
3,PF4043-(4350),Middle High German,,
3,PF(4501)-(4596),Early Modern German,,
3,PF5000-5951,"Dialects. Provincialism, etc.",,
3,PF5971-5999,"Slang. Argot, etc.",,
1,PG1-9665,Slavic. Baltic. Albanian,,
2,PG1-7925,Slavic,,
3,PG1-499,Slavic philology and languages (General),,
3,PG500-585,Slavic literature (General),,
3,PG601-716,Church Slavic,,
3,PG(771)-(799),Bulgarian Church Slavic,,
3,PG801-1146,Bulgarian,,
3,PG1151-1199,Macedonian,,
3,PG1201-1749,Serbo-Croatian,,
3,PG1801-1962,Slovenian,,
3,PG2001-2826,Russian language,,
3,PG2830-2847,Belarusian,,
3,PG2900-(3698),Russian literature,,
4,PG2900-3190,History and criticism,,
5,PG2900-2998,General,,
5,PG3001-3026,Special periods,,
5,PG3041-3065,Poetry,,
5,PG3071-3089,Drama,,
5,PG3091-3099,Prose,,
5,PG(3100)-(3155),Folk literature,Including texts,
4,PG3199-3299,Collections,,
5,PG3199-3205,General,,
5,PG(3211)-3219,Translations,,
5,PG3223-3229.2,Special periods,,
5,PG3230-3238,Poetry,,
5,PG3240-3255,Drama,,
5,PG3260-3299,Prose,,
4,PG3300-3493.96,Individual authors and works,,
5,PG3300-3308,Early to 1700,,
5,PG3310-3319,18th century,,
6,PG3312,Derzhavin,,
6,PG3314,Karamzin,,
6,PG3316,Lomonosov,,
6,PG3318,Sumarokov,,
5,PG3320-3447,1800-1870,,
6,PG3325-3328,Dostoyevsky,,
6,PG3332-3335,Gogol',,
6,PG3340-3359,Pushkin,,
6,PG3365-3417,Tolstoi,,
6,PG3420-3445,Turgenev,,
5,PG3450-3470,1870-1917,,
6,PG3452,Andreev,,
6,PG3455-3458,Chekhov,,
6,PG3462-3465,Gorky,,
5,PG3475-3476,1917-1960,,
5,PG3477-3490,1961-2000,,
5,PG3491.2-3493.96,2001-,,
4,PG3500-3505,"Provincial, local, etc.",,
4,PG3515-3550,Outside the Russian Federation,,
4,PG(3651)-(3698),Special subjects,,
3,PG3801-3987,Ukrainian,,
3,PG3990,Carpatho-Rusyn,,
3,PG4001-5146,Czech,,
3,PG5201-5546,Slovak,,
3,PG5631-5689,Sorbian (Wendic),,
3,PG6001-7446,Polish,,
3,PG7900-7925,Lechitic dialects,,
2,PG8001-9146,Baltic,,
3,PG8201-8208,Old Prussian,,
3,PG8501-8772,Lithuanian,,
3,PG8801-9146,Latvian,,
2,PG9501-9665,Albanian,,
1,PH1-5490,Uralic. Basque,,
2,PH1-87,General,,
2,PH91-98.5,Finnic. Baltic-Finnic,,
2,PH101-405,Finnish,,
2,PH501-1109,Other Finnic languages and dialects,,
3,PH501-509,Karelian,,
3,PH521-529,Olonets,,
3,PH531-539,Ludic,,
3,PH541-549,Veps,,
3,PH551-559,Ingrian,,
3,PH561-569,Votic,,
3,PH581-589,Livonian,,
3,PH601-671,Estonian,,
3,PH701-735,Sami,,
3,PH751-785,Mordvin,,
3,PH801-836,Mari,,
3,PH1001-1079,Permic,,
3,PH1101-1109,Udmurt,,
2,PH1201-1409,Ugric languages,,
2,PH2001-3445,Hungarian,,
2,PH3801-3820,Samoyedic languages,,
2,PH5001-5490,Basque,,
1,PJ1-(9500),Oriental philology and literature,,
2,PJ1-489,General,,
3,PJ1-(195),Languages,,
3,PJ306-489,Literature,,
2,PJ601-989,Special groups,,
3,PJ601-621,Christian Oriental,,
3,PJ701-989,Islamic,,
2,PJ991-995,Afroasiatic languages,,
2,PJ1001-1989,Egyptology,,
3,PJ1091-1109,Egyptian writing and its decipherment,,
3,PJ1111-1446,Language,,
3,PJ1481-1989,Literature. Inscriptions,,
2,PJ2001-2199,Coptic,,
2,PJ2340-2399,Libyco-Berber languages. Berber languages,,
3,PJ2353-2367,Libyan group,,
3,PJ2369-2399,Berber languages,,
2,PJ2401-2594,Cushitic languages,,
2,PJ3001-3097,Semitic philology and literature,,
2,PJ3101-(3971),Assyriology. Akkadian,,
3,PJ3231-3595,Language,,
3,PJ3601-(3971),Literature. Inscriptions,,
2,PJ4001-(4091),Sumerian,,
2,PJ4101-4197,West and North Semitic languages,,
3,PJ4171-4197,Phoenician-Punic,,
2,PJ4501-5192,Hebrew,,
3,PJ4543-4937,Language (Biblical and modern),,
3,PJ4951-4996,Medieval Hebrew,,
3,PJ5001-5060,Literature,,
4,PJ5050-5055.51,Individual authors and works,,
3,PJ5061-5192,Other languages used by Jews,,
4,PJ5111-5192,Yiddish,,
2,PJ5201-5329.5,Aramaic,,
3,PJ5211-5289,West Aramaic,,
4,PJ5211-5219.5,Biblical (Chaldaic),,
4,PJ5229,Palmyrene inscriptions,,
4,PJ5239,Nabataean inscriptions,,
4,PJ5241-5249,Christian Palestinian,,
4,PJ5251-5259,Jewish Palestinian,,
4,PJ5271-5279,Samaritan,,
4,PJ5281-5289,Neo-Aramaic,,
3,PJ5301-5329.5,East Aramaic,,
4,PJ5321-5329.5,Mandaean,,
2,PJ5401-5809,Syriac,,
3,PJ5414-5495,Language,,
3,PJ5601-5695,Literature,,
3,PJ5701-5709,East Syriac (Nestorian),,
3,PJ5711-5719,West Syriac (Jacobite),,
3,PJ5801-5809,Neo-Syriac dialects (Modern Syriac),,
2,PJ5901-5909,South Semitic languages,,
2,PJ6001-8517,Arabic,,
3,PJ6073-7144,Language,,
4,PJ6690-6697,Ancient Arabic,,
4,PJ6701-6901,Modern Arabic dialects,,
4,PJ6950-7144,South Arabian,,
5,PJ6950-6981,Ancient,,
5,PJ7051-7144,Modern,,
3,PJ7501-8517,Arabic literature,,
4,PJ7695.8-7976,Individual authors or works,,
2,PJ8991-9348,Ethiopian languages,,
3,PJ9001-9101,Ethiopic (Geez),,
3,PJ9201-9269,Amharic,,
1,PK1-(9601),Indo-Iranian philology and literature,,
2,PK1-85,General,,
2,PK101-2899,Indo-Aryan languages,,
3,PK101-185,General,,
3,PK(201)-379,Vedic,,
3,PK401-976,Sanskrit,,
3,PK1001-1095,Pali,,
3,PK1201-1409.5,Prakrit,,
3,PK1421-1429.5,Apabhramsa,,
3,PK1471-1490,Middle Indo-Aryan dialects,,
3,PK1501-2899,Modern Indo-Aryan languages,,
4,PK1550-2899,Particular languages and dialects,,
5,PK1550-1569,Assamese,,
5,PK1651-(1799),Bengali,,
5,PK1801-1831.95,Bihari,,
5,PK1841-1870.95,Gujarati,,
5,PK1931-2212,"Hindi, Urdu, Hindustani languages and literatures",,
6,PK1931-1970,Hindi language,,
6,PK1971-1979.5,Urdu language,,
6,PK1981-2000,Hindustani language,,
6,PK2030-2142,"Hindi, Hindustani literatures",,
6,PK2151-2212,Urdu literature,,
5,PK2261-2270.9,Lahnda,,
5,PK2351-2418,Marathi,,
5,PK2461-2479,Marwari,,
5,PK2561-2579.5,Oriya,,
5,PK2591-2610,Pahari,,
5,PK2631-2659,Panjabi,,
5,PK2701-2708.9,Rajasthani,,
5,PK2781-2790,Sindhi,,
5,PK2801-2891,Sinhalese (Singhalese),,
5,PK2892-2892.95,Siraiki,,
5,PK2896-2899,Romani,,
2,PK(2901)-5471,Indo-Aryan literature,,
3,PK(2901)-2979,General,,
3,PK3591-4485,Sanskrit,,
4,PK3791-3799,Individual authors and works,,
4,PK(3801)-(4251),Special subjects,,
4,PK4471-4485,Translations,,
3,PK(4501)-4681,Pali literature,,
3,PK4990-5046,Prakrit literature,,
3,PK5401-5471,Modern Indo-Aryan literature,,
2,PK6001-6996,Iranian philology and literature,,
3,PK6001-6099,General,,
3,PK6101-(6119),Avestan,,
3,PK6121-6129,Old Persian,,
3,PK6135-6199.9,Middle Iranian languages,,
4,PK6141-6199.5,Pahlavi,,
3,PK6201-(6599.7),New Persian,,
4,PK6201-6399,Language,,
4,PK6400-(6599.7),Literature,,
5,PK6450.9-6562.35,Individual authors or works,,
6,PK6455-6460,Firdawsi,,
6,PK6465,Hafiz,,
6,PK6475,"Ibn Yamin, Fakhr al-Din Mahmud",,
6,PK6478-6482,Jalal al-Din Rumi Maulana,,
6,PK6490,Jami,,
6,PK6501,Nizami Ganjavi,,
6,PK6510-6525,Omar Khayyam,,
6,PK6540-6546,Sadi,,
3,PK6701-6821,"Afghan (Pashto, Pushto, Pushtu, etc.)",,
2,PK7001-7075,Dardic (Pisacha),,
3,PK7021-7037,Kashmiri,,
3,PK7040-7045,Kohistani,,
3,PK7050-7065,Nuristani (Kafiri) group,,
2,PK8001-8832,Armenian,,
3,PK8001-8496,Language,,
3,PK8501-8832,Literature,,
2,PK9001-9201,Caucasian languages,,
3,PK9101-9169,Georgian,,
1,PL1-8844,"Languages of Eastern Asia, Africa, Oceania",,
2,PL1-481,Ural-Altaic languages,,
3,PL21-396,Turkic languages,,
3,PL400-431,Mongolian languages,,
3,PL450-481,Tungus Manchu languages,,
2,PL(490)-495,Far Eastern languages and literature,,
2,PL501-889,Japanese language and literature,,
3,PL501-699,Japanese language,,
3,PL700-889,Japanese literature,,
4,PL700-751.5,History and criticism,,
4,PL752-783,Collections,,
4,PL784-866,Individual authors and works,,
4,PL885-889,Local literature,,
2,PL901-998,Korean language and literature,,
3,PL901-949,Korean language,,
3,PL950-998,Korean literature,,
4,PL950.2-969.5,History and criticism,,
4,PL969.8-985,Collections,,
4,PL986-993,Individual authors and works,,
4,PL997-998,Local literature,,
2,PL1001-3208,Chinese language and literature,,
3,PL1001-1960,Chinese language,,
3,PL2250-3208,Chinese literature,,
4,PL2250-2443,History and criticism,,
4,PL2450-2659,Collections,,
4,PL2661-2979,Individual authors and works,,
4,PL3030-3208,"Provincial, local, colonial, etc.",,
2,PL3301-3311,Non-Chinese languages of China,,
2,PL3501-3509,Non-Aryan languages of India and Southeastern Asia in general,,
2,PL3512,Malaysian literature,,
2,PL3515,Singapore literature,,
2,PL3518,Languages of the Montagnards,,
2,PL3521-4001,Sino-Tibetan languages,,
3,PL3551-4001,Tibeto-Burman languages,,
4,PL3561-3801,Tibeto-Himalayan languages,,
5,PL3601-3775,Tibetan,,
5,PL3781-3801,Himalayan languages,,
4,PL3851-4001,Assam and Burma,,
2,PL4051-4054,Karen languages,,
2,PL4070-4074,Miao-Yao languages,,
2,PL4281-4587,Austroasiatic languages,,
3,PL4301-4470,Mon-Khmer (Mon-Anam) languages,,
4,PL4371-4379,Vietnamese. Annamese,,
4,PL4423-4470,"Bru, Chrau, Khasi, Muong, etc.",,
3,PL4471-4471.5,Nicobarese,,
3,PL4490-4498,Chamic languages,,
3,PL4501-4587,Munda languages (Kolarian languages),,
2,PL4601-(4890),Dravidian languages,,
2,PL5001-7511,Languages of Oceania,,
3,PL5001-7101,"Austronesian, Papuan, and Australian languages",,
4,PL5051-5497,Malayan (Indonesian) languages,,
4,PL5501-6135,Philippine languages,,
4,PL6145-6167,Taiwan languages,,
4,PL6191-6341,Micronesian and Melanesian languages,,
4,PL6401-6551,Polynesian languages,,
4,PL6601-6621,Papuan languages,,
4,PL7001-7101,Australian languages,,
2,PL8000-8844,African languages and literature,,
3,PL8000-8009,Languages,,
3,PL8009.5-8014,Literature,,
3,PL8015-8021,Languages. By region or country,,
3,PL8024-8027,Special families of languages,,
3,PL8035-8844,Special languages (alphabetically),,
1,PM1-9021,"Hyperborean, Indian, and artificial languages",,
2,PM1-94,Hperborean languages of Arctic Asia and America,,
2,PM101-2711,American languages (Aboriginal),,
3,PM231-355,American languages of British North America,,
3,PM(401)-501,American languages of the United States (and Mexico),,
3,PM549-2711,Special languages of the United States and Canada (alphabetically),,
2,PM3001-4566,Languages of Mexico and Central America,,
2,PM5001-7356,Languages of South America and the West Indies,,
2,PM7801-7895,Mixed languages,,
3,PM7831-7875,Creole languages,,
2,PM8001-8995,Artificial languages--Universal languages,,
3,PM8201-8298,Esperanto,,
2,PM8999,Picture languages,,
2,PM9001-9021,Secret languages,,
1,PN1-6790,Literature (General),,
2,PN1-9,Periodicals,,
2,PN20-30,Societies,,
2,PN45-57,Theory. Philosophy. Esthetics,,
2,PN59-72,Study and teaching,,
2,PN80-99,Criticism,,
2,PN101-245,Authorship,,
3,PN172-239,"Technique. Literary composition, etc.",,
3,PN241-241.5,Translating as a literary pursuit,,
2,PN441-1009.5,Literary history,,
3,PN451-497,Biography,,
3,PN500-519,Collections,,
3,PN597-605,"Special relations, movements, and currents of literature",,
3,PN610-779,By period,,
4,PN611-649,Ancient,,
4,PN661-694,Medieval (to 1500),,
5,PN683-687,Legends,,
5,PN688-691,Poetry,,
5,PN692-693,Prose. Prose fiction,,
4,PN695-779,Modern,,
5,PN715-749,Renaissance (1500-1700),,
3,PN801-820,Romance literature,,
3,PN821-840,Germanic literature,,
3,PN841,Black literature (General),,
3,PN842,Jewish literature in various languages,,
3,PN851-(884),Comparative literature,,
3,PN(905)-1008,Folk literature,,
4,PN980-995,Fables,,
3,PN1008.2-1009.5,Juvenile literature,,
2,PN1010-1525,Poetry,,
3,PN1031-1049,"Theory, philosophy, relations, etc.",,
3,PN1065-1085,"Relations to, and treatment of, special subjects",,
3,PN1110-1279,History and criticism,,
3,PN1301-1333,Epic poetry,,
3,PN1341-1347,Folk poetry,,
3,PN1351-1389,Lyric poetry,,
2,PN1530,The monologue,,
2,PN1551,The dialogue,,
2,PN1560-1590,The performing arts. Show business,,
3,PN1585-1589,Centers for the performing arts,,
2,PN1600-3307,Drama,,
3,PN1635-1650,"Relation to, and treatment of, special subjects",,
3,PN1660-1693,Technique of dramatic composition,,
3,PN1720-1861,History,,
3,PN1865-1988,Special types,,
3,PN1990-1992.92,Broadcasting,,
4,PN1991-1991.9,Radio broadcasts,,
4,PN1992-1992.92,Television broadcasts,,
3,PN1992.93-19 92.95,Nonbroadcast video recordings,,
3,PN1993-1999,Motion pictures,,
4,PN1997-1997.85,"Plays, scenarios, etc.",,
3,PN2000-3307,Dramatic representation. The theater,,
4,PN2061-2071,Art of acting,,
4,PN2085-2091,The stage and accessories,,
4,PN2131-2193,By period,,
5,PN2131-2145,Ancient,,
5,PN2152-2160,Medieval,,
5,PN2171-2179,Renaissance,,
5,PN2181-2193,Modern,,
4,PN2219.3-3030,Special regions or countries,,
4,PN3035,The Jewish theater,,
4,PN3151-3171,Amateur theater,,
4,PN3175-3191,College and school theatricals,,
4,PN3203-3299,"Tableaux, pageants, ""Happenings,"" etc.",,
2,PN3311-3503,Prose. Prose fiction,,
3,PN3329-3352,"Philosophy, theory, etc.",,
3,PN3355-3383,Technique. Authorship,,
3,PN3427-3448,Special kinds of fiction. Fiction genres,,
3,PN3451-3503,History,,
2,PN4001-4355,"Oratory. Elocution, etc.",,
3,PN4071-4095,Study and teaching,,
3,PN4177-4191,Debating,,
3,PN4199-4321,Recitations (in English),,
3,PN4331-4355,Recitations in foreign languages,,
2,PN4390,Diaries,,
2,PN4400,Letters (Literary history),,
2,PN4500,Essays (Literary history),,
2,PN4699-5650,"Journalism. The periodical press, etc.",,
3,PN4735-4748,Relation to the state. Government and the press. Liberty of the press,,
3,PN4775-4784,Technique. Practical journalism,,
3,PN4825-4830,Amateur journalism,,
3,PN4832-4836,Magazines and other periodicals,,
3,PN4840-5648,By region or country,,
3,PN5650,The Jewish press,,
2,PN6010-6790,Collections of general literature,,
3,PN6066-6069,Special classes of authors,,
3,PN6080-6095,Quotations,,
4,PN6081-6084,English,,
4,PN6086-6089,French,,
4,PN6090-6110,German,,
3,PN6099-6110,Poetry,,
3,PN6110.5-6120,Drama,,
3,PN6120.15-6120.95,Fiction,,
3,PN6121-6129,Orations,,
3,PN6130-6140,Letters,,
3,PN6141-6145,Essays,,
3,PN6146.5-6231,Wit and humor,,
4,PN6157-6222,By region or country,,
3,PN6233-6238,Anacreontic literature,,
3,PN6244-6246,Literary extracts. Commonplace books,,
3,PN6249-6258,Ana,,
3,PN6259-6268,Anecdotes. Table talk,,
3,PN6269-6278,Aphorisms. Apothegms,,
3,PN6279-6288,Epigrams,,
3,PN6288.5-6298,Epitaphs,,
3,PN6299-6308,Maxims,,
3,PN6309-6318,Mottoes,,
3,PN6319-6328,"Sayings, bon mots, etc.",,
3,PN6329-6338,Thoughts,,
3,PN6340-6348,Toasts,,
3,PN6348.5-6358,"Emblems, devices",,
3,PN6361,Paradoxes,,
3,PN6366-6377,"Riddles, acrostics, charades, conundrums, etc.",,
3,PN6400-6525,Proverbs,,
3,PN6700-6790,"Comic books, strips, etc.",,
1,PQ1-3999,French literature,,
2,PQ1-771,History and criticism,,
3,PQ1-150,General,,
3,PQ151-221,Medieval. Old French,,
3,PQ226-317,Modern,,
3,PQ400-491,Poetry,,
3,PQ500-591,Drama,,
3,PQ601-771,Prose and prose fiction,,
2,PQ(781)-(841),Folk literature,,
2,PQ845,Juvenile literature,,
2,PQ1100-1297,Collections,,
3,PQ1100-1145,General,,
3,PQ1160-1193,Poetry,,
3,PQ1211-1241,Drama,,
3,PQ1243-1297,Prose,,
2,PQ1300-1595,Old French literature,,Class here Old French literature to ca. 1500/1550
3,PQ1300-1391,Collections Individual authors and works,,
4,PQ1411-1545,To 1350/1400,,
4,PQ1551-1595,(14th-) 15th century (to ca. 1525),,
2,PQ1600-2726,Modern literature Individual authors,,
4,PQ1600-1709,16th century,,
4,PQ1710-1935,17th century,,
4,PQ1947-2147,18th century,,
4,PQ2149-2551,19th century,,
4,PQ2600-2651,1900-1960,,
4,PQ2660-2686,1961-2000,,
4,PQ2700-2726,2001-,,
2,PQ3800-3999,"Provincial, local, colonial, etc.",,
1,PQ4001-5999,Italian literature,,
2,PQ4001-4199.5,History and criticism,,
3,PQ4001-4063,General,,
3,PQ4064-4075,Early to 1500,,
3,PQ4077-4088,Modern,,
3,PQ4091-(4131),Poetry,,
3,PQ4133-4160,Drama,,
3,PQ4161-4185,Prose,,
3,PQ(4186)-(4199),Folk literature,,
3,PQ4199.5,Juvenile literature (General),,
2,PQ4201-4263,Collections,,
3,PQ4201-4204,General,,
3,PQ4205-4206,Translations,,
3,PQ4207-4225,Poetry,,
3,PQ4227-4245,Drama,,
3,PQ4247-4263,Prose,,
2,PQ4265-4556,Individual authors and works to 1400,,
2,PQ4561-4664,"Individual authors, 1400-1700",,
2,PQ4675-4734,"Individual authors, 1701-1900",,
2,PQ4800-4851,"Individual authors, 1900-1960",,
2,PQ4860-4886,"Individual authors, 1961-2000",,
2,PQ4900-4926,"Individual authors, 2001-",,
2,PQ5901-5999,"Regional, provincial, local, etc.",,
1,PQ6001-8929,Spanish literature,,
2,PQ6001-6168,History and criticism,,
3,PQ6001-6056,General,,
4,PQ6056,Moorish-Spanish literature,,
3,PQ6058-6060,Early to 1500,,
3,PQ(6061)-6073,Modern,,
3,PQ6075-6098,Poetry,,
3,PQ6098.7-6129,Drama,,
3,PQ6131-6153,Prose,,
3,PQ(6155)-(6167),Folk literature,,
3,PQ6168,Juvenile literature (General),,
2,PQ6170-6269,Collections,,
3,PQ6170-6174.9,General,,
3,PQ6174.95-6215,Poetry,,
3,PQ6217-(6241),Drama,,
3,PQ6247-6264,Prose,,
3,PQ(6265)-6269,Translations,,
2,PQ6271-6498,Individual authors and works to 1700,,
2,PQ6500-6576,"Individual authors, 1700-ca. 1868",,
2,PQ6600-6647,"Individual authors, 1868-1960",,
2,PQ6650-6676,"Individual authors, 1961-2000",,
2,PQ6700-6726,"Individual authors, 2001-",,
2,PQ7000-8929,"Provincial, local, colonial, etc.",,
3,PQ7081-8560,Spanish America,,
1,PQ9000-9999,Portuguese literature,,
2,PQ9000-9129,History and criticism,,
3,PQ9000-9034,General,,
3,PQ9035-9055,Special periods,,
3,PQ9061-9081,Poetry,,
3,PQ9083-9095,Drama,,
3,PQ9097-9119,Prose,,
3,PQ(9121)-(9128),Folk literature,,
3,PQ9129,Juvenile literature (General),,
2,PQ9131-9188,Collections,,
3,PQ9131-9144,General,,
4,PQ9137,Translations,,
3,PQ9149-9163,Poetry,,
3,PQ9164-9170,Drama,,
3,PQ9172-9188,Prose,,
2,PQ9189,Individual authors and works to 1500,,
2,PQ9191-9255,"Individual authors and works, 1500-1700",,
2,PQ9261,"Individual authors, 1701-1960",,
2,PQ9262-9288,"Individual authors, 1961-2000",,
2,PQ9300-9326,"Individual authors, 2001-",,
2,PQ9400-9999,"Provincial, local, colonial, etc.",,
3,PQ9500-9698.436,Brazil,,
1,PR1-9680,English literature,,
2,PR1-56,Literary history and criticism,,
2,PR57-78,Criticism,,
2,PR111-116,Women authors,,
2,PR125-(138.5),Relations to other literatures and countries,,
2,PR161-488,By period,,
3,PR171-236,Anglo-Saxon (Beginnings through 1066),,
3,PR251-369,Medieval. Middle English (1066-1500),,
3,PR401-488,Modern,,
4,PR421-(429),Elizabethan era (1550-1640),,
4,PR431-(439),17th century,,
4,PR441-(449),18th century,,
4,PR451-(469),19th century,,
4,PR471-(479),20th century,,
4,PR481-488,21st century,,
2,PR500-614,Poetry,,
3,PR521-614,By period,,
2,PR621-744,Drama,,
3,PR641-744,By period,,
2,PR750-890,Prose,,
3,PR767-818,By period,,
3,PR821-890,Prose fiction. The novel,,
2,PR901-907.2,Oratory,,
2,PR908,Diaries,,
2,PR911-918,Letters,,
2,PR921-928,Essays,,
2,PR931-938,Wit and humor,,
2,PR(951)-981,Folk literature,,
2,PR1098-1369,Collections of English literature,,
3,PR1110,Special classes of authors,,
3,PR1119-1151,By period,,
3,PR1170-1228,Poetry,,
3,PR1241-1273,Drama,,
3,PR1281-1309,Prose (General),,
3,PR1321-1329,Oratory,,
3,PR1330,Diaries,,
3,PR1341-1349,Letters,,
3,PR1361-1369,Essays,,
2,PR1490-1799,Anglo-Saxon literature,,
2,PR1803-2165,Anglo-Norman period. Early English. Middle English,,
2,PR2199-3195,English renaissance (1500-1640),,
2,PR3291-3785,17th and 18th centuries (1640-1770),,
2,PR3991-5990,"19th century, 1770/1800-1890/1900",,
2,PR6000-6049,1900-1960,,
2,PR6050-6076,1961-2000,,
2,PR6100-6126,2001-,,
2,PR8309-9680,"English literature: Provincial, local, etc.",,
1,PS1-3626,American literature,,
2,PS126-138,"Biography, memoirs, letters, etc.",,
2,PS147-152,Women authors,,
2,PS163-173,"Treatment of special subjects, classes",,
2,PS185-231,By period,,
3,PS185-195,17th-18th centuries,,
3,PS201-217,19th century,,
3,PS221-228,20th century,,
3,PS229-231,21st century,,
2,PS241-286,"Special regions, states, etc.",,
3,PS241-255,North,,
3,PS261-267,South,,
3,PS271-285,West and Central,,
2,PS301-326,Poetry,,
2,PS330-353,Drama,,
2,PS360-380,Prose,,
3,PS370-380,Prose fiction,,
2,PS400-408.2,Oratory,,
2,PS409,Diaries,,
2,PS410-419,Letters,,
2,PS420-429,Essays,,
2,PS430-439,Wit and humor. Satire,,
2,PS(451)-478,Folk literature,,
2,PS490,Juvenile literature (General),,
2,PS501-689,Collections of American literature,,
3,PS530-536.3,By period,,
3,PS537-574,By region,,
4,PS538-549,North,,
4,PS551-559,South,,
4,PS561-572,West and Central,,
3,PS580-619,Poetry,,
4,PS593,By form,,
4,PS601-617,By period,,
3,PS623-(635),Drama,,
3,PS642-659.5,Prose (General),,
4,PS651-659.2,By period,,
3,PS660-668.2,Oratory,,
4,PS666-668.2,By period,,
3,PS669,Diaries,,
3,PS670-678.2,Letters,,
3,PS680-689,Essays,,
2,PS700-3576,Individual authors,,
3,PS700-893,Colonial period (17th and 18th centuries),,
3,PS991-(3390),19th century,,
3,PS3500-3549,1900-1960,,
3,PS3550-3576,1961-2000,,
3,PS3600-3626,2001-,,
1,PS(8001-8599),Canadian literature,,
1,PT1-4897,German literature,,
2,PT1-80,Literary history and criticism,,
2,PT83-(873),History of German literature,,
3,PT175-230,Medieval,,
3,PT236-405,Modern,,
3,PT500-597,Poetry,,
3,PT605-709,Drama,,
3,PT711-871,Prose,,
2,PT(881)-(951),Folk literature,,
3,PT923-937,Faust legend,,
2,PT1100-1479,Collections,,
3,PT1100-1141,General,,
3,PT1151-1241,Poetry,,
3,PT1251-1299,Drama,,
3,PT1301-1360,Prose,,
3,PT1371-(1374),Early to 1950. Old and Middle High German,,
3,PT1375-1479,Middle High German,,
2,PT1501-2688,Individual authors or works,,
3,PT1501-1695,"Middle High German, ca. 1050-1450/1500",,
3,PT1701-1797,1500-ca. 1700,,
3,PT1799-2592,1700-ca. 1860/70,,
4,PT1891-2239,Goethe,,
5,PT1891-2017,Works,,
5,PT2026-(2039),Translations,,
5,PT(2044)-2239,Biography and criticism,,
3,PT2600-2653,1860/70-1960,,
3,PT2660-2688,1961-2000,,
3,PT2700-2728,2001-,,
2,PT3701-3971,"Provincial, local, colonial, etc.",,
3,PT3701-3746,East Germany,,
2,PT4801-4897,Low German literature,,
1,PT5001-5980,Dutch literature,,
2,PT5001-5348,Literary history and criticism,,
3,PT5001-5112,General,,
3,PT5121-5185,Special periods,,
3,PT5201-5243,Poetry,,
3,PT5250-5295,Drama,,
3,PT5300-5348,Prose,,
2,PT(5351)-5395,Folk literature,,
2,PT5398,Juvenile literature (General),,
2,PT5400-5547,Collections,,
3,PT5400-5409,General,,
3,PT5410-5414,Translations,,
3,PT5420-5460,Special periods,,
3,PT5470-5488,Poetry,,
3,PT5490-5515,Drama,,
3,PT5517-5547,Prose,,
2,PT5555-5881.36,Individual authors or works,,
3,PT5555-5595,Medieval,,
3,PT5600-5739,16th-18th centuries,,
4,PT5620-5637,"Cats, Jacob",,
4,PT5700-5732,"Vondel, Joost van den",,
3,PT5800-5880,1800-1960,,
3,PT5881-5881.36,1961-2000,,
3,PT5882-5882.36,2001-,,
2,PT5901-5980,"Provincial, local, foreign",,
1,PT6000-6467.36,Flemish literature since 1830,,
2,PT6000-6199,Literary history and criticism,,
2,PT(6200)-(6230),Folk literature,,
2,PT6250,Juvenile literature (General),,
2,PT6300-6397,Collections,,
2,PT6400-6467.36,Individual authors or works,,
1,PT6500-6593.36,Afrikaans literature,,
2,PT6500-6530,Literary history and criticism,,
2,PT(6540)-6545,Folk literature,,
2,PT6550-6575,Collections,,
2,PT6580,Local,,
2,PT6590-6593.36,Individual authors or works,,
1,PT7001-7099,Scandinavian literature,,
2,ScandinavianLiteratureGeneral,General,,
3,PT7001-7087,Literary history and criticism,,
3,PT(7088)-(7089),Folk literature,,
3,PT7090-7099,Collections,,
1,PT7101-7338,Old Norse literature: Old Icelandic and Old Norwegian,,
2,PT7101-7211,Literary history and criticism,,
3,PT7170-7176,Poetry,,
3,PT7177-7211,Prose,,
4,PT7181-7193,Sagas,,
4,PT7195-7211,Scientific and learned literature,,
2,PT7220-7262.5,Collections,,
3,PT7230-7252,Poetry,,
3,PT7255-7262.5,Prose,,
4,PT7261-7262.5,Sagas,,
2,PT7263-7296,Individual sagas and historical works,,
2,PT7298-7309,Religious works,,
2,PT7312-7318,Scientific and learned literature,,
2,PT7326-7338,Individual authors or works before 1540,,
1,PT7351-7550,Modern Icelandic literature,,
2,PT7351-7418,Literary history and criticism,,
2,PT(7420)-(7438),Folk literature,,
2,PT7442,Juvenile literature (General),,
2,PT7450-7495,Collections,,
2,PT7500-7511,Individual authors or works,,
3,PT7500-7501,16th-18th centuries,,
3,PT7510-7511,19th-20th centuries,,
3,PT7512-7513,21st century,,
2,PT7520-7550,"Provincial, local, foreign",,
1,PT7581-7599,Faroese literature,,
2,PT7581-7592,Literary history and criticism,,
2,PT7593-7596.5,Collections,,
2,PT7597,Local,,
2,PT7598-7599,Individual authors or works,,
1,PT7601-8260,Danish literature,,
2,PT7601-7869,Literary history and criticism,,
3,PT7721-7762,Special periods,,
3,PT7770-7794,Poetry,,
3,PT7800-7832,Drama,,
3,PT7835-7869,Prose,,
2,PT(7900)-7930,Folk literature,,
2,PT7935,Juvenile literature (General),,
2,PT7945-8046,Collections,,
3,PT7975-7994,Poetry,,
3,PT7999-8020,Drama,,
3,PT8021-8046,Prose,,
2,PT8050-8177.36,Individual authors or works,,
3,PT8050,Medieval,,
3,PT8060-8098,16th-18th centuries,,
4,PT8070-8094.5,"Holberg, Ludvig",,
3,PT8100-8167,19th century,,
4,PT8102-8120,"Andersen, Hans Christian",,
4,PT8145-8157,"Oehlenschläger, Adam Gottlob",,
3,PT8174-8175,1900-1960,,
3,PT8176-8176.36,1961-2000,,
3,PT8177-8177.36,2001-,,
2,PT8205-8260,"Provincial, local, foreign",,
1,PT8301-9155,Norwegian literature,,
2,PT8301-8574,Literary history and criticism,,
3,PT(8420)-8456,Special periods,,
3,PT8460-8489,Poetry,,
3,PT8500-8534,Drama,,
3,PT8540-8574,Prose,,
2,PT(8600)-(8637),Folk literature,,
2,PT8640,Juvenile literature (General),,
2,PT8650-8733,Collections,,
3,PT8675-8695,Poetry,,
3,PT8699-8718,Drama,,
3,PT8719-8723,Prose,,
2,PT8750-8952.36,Individual authors or works,,
3,PT8750-8775,16th-18th centuries,,
3,PT8800-8942,19th century,,
4,PT8851-8900,"Ibsen, Henrik",,
3,PT8949-8950,1900-1960,,
3,PT8951-8951.36,1961-2000,,
3,PT8952-8952.36,2001-,,
2,PT9000-9094,Landsmaal or New Norwegian,,
3,PT9000-9019,Literary history and criticism,,
3,PT9025-9055,Collections,,
3,PT9064-9094,Individual authors,,
2,PT9100-9155,"Provincial, local, foreign",,
1,PT9201-9999,Swedish literature,,
2,PT9201-9499,Literary history and criticism,,
3,PT9320-9370,Special periods,,
3,PT9375-9404,Poetry,,
3,PT9415-9449,Drama,,
3,PT9460-9499,Prose,,
2,PT(9509)-(9542),Folk literature,,
2,PT9544,Juvenile literature (General),,
2,PT9547-9639,Collections,,
3,PT9565-9570,Translations,,
3,PT9580-9599,Poetry,,
3,PT9605-9625,Drama,,
3,PT9626-9639,Prose,,
2,PT9650-9877.36,Individual authors or works,,
3,PT9650-9651,Medieval,,
3,PT9674-9715,16th-18th centuries,,
3,PT9725-9850,19th century,,
4,PT9759-9771,"Lagerlöf, Selma",,
4,PT9800-9817,"Strindberg, Johan August",,
4,PT9820-9838,"Tegnér, Esaias",,
3,PT9870-9875,1900-1960,,
3,PT9876-9876.36,1961-2000,,
3,PT9877-9877.36,2001-,,
2,PT9950-9999,"Provincial, local, foreign",,
1,PZ(1)-90,Fiction and juvenile belles lettres,,
2,PZ(1)-(4),Fiction in English,,
2,PZ5-90,Juvenile belles lettres,,
0,Q,SCIENCE,,
1,Q1-390,Science (General),,
2,Q1-295,General,,
2,Q300-390,Cybernetics,,
3,Q350-390,Information theory,,
1,QA1-939,Mathematics,,
2,QA1-43,General,,
2,QA47-59,Tables,,
2,QA71-90,Instruments and machines,,
3,QA75-76.95,Calculating machines,,
3,QA75.5-76.95,Electronic computers. Computer science,,
4,QA76.75-76.765,Computer software,,
2,QA101-(145),Elementary mathematics. Arithmetic,,
2,QA150-272.5,Algebra,,
2,QA273-280,Probabilities. Mathematical statistics,,
2,QA299.6-433,Analysis,,
2,QA440-699,Geometry. Trigonometry. Topology,,
2,QA801-939,Analytic mechanics,,
1,QB1-991,Astronomy,,
2,QB1-139,General,,
2,QB140-237,Practical and spherical astronomy,,
2,QB275-343,Geodesy,,
2,QB349-421,Theoretical astronomy and celestial mechanics,,
2,QB455-456,Astrogeology,,
2,QB460-466,Astrophysics,,
2,QB468-480,Non-optical methods of astronomy,,
2,QB495-903,Descriptive astronomy,,
3,QB500.5-785,Solar system,,
3,QB799-903,Stars,,
2,QB980-991,Cosmogony. Cosmology,,
1,QC1-999,Physics,,
2,QC1-75,General,,
2,QC81-114,Weights and measures,,
2,QC120-168.85,Descriptive and experimental mechanics,,
2,QC170-197,Atomic physics. Constitution and properties of matter,"Including molecular physics, relativity, quantum theory, and solid state physics",
2,QC221-246,Acoustics. Sound,,
2,QC251-338.5,Heat,,
3,QC310.15-319,Thermodynamics,,
2,QC350-467,Optics. Light,,
3,QC450-467,Spectroscopy,,
2,QC474-496.9,Radiation physics (General),,
2,QC501-766,Electricity and magnetism,,
3,QC501-(721),Electricity,,
4,QC669-675.8,Electromagnetic theory,,
4,QC676-678.6,Radio waves (Theory),,
4,QC701-715.4,Electric discharge,,
4,QC717.6-718.8,Plasma physics. Ionized gases,,
3,QC750-766,Magnetism,,
2,QC770-798,Nuclear and particle physics. Atomic energy. Radioactivity,,
3,QC793-793.5,Elementary particle physics,,
3,QC794.95-798,Radioactivity and radioactive substances,,
2,QC801-809,Geophysics. Cosmic physics,,
2,QC811-849,Geomagnetism,,
2,QC851-999,Meteorology. Climatology,Including the earth's atmosphere,
3,QC974.5-976,Meteorological optics,,
3,QC980-999,Climatology and weather,,
4,QC994.95-999,Weather forecasting,,
1,QD1-999,Chemistry,,
2,QD1-65,General,Including alchemy,
2,QD71-142,Analytical chemistry,,
2,QD146-197,Inorganic chemistry,,
2,QD241-441,Organic chemistry,,
3,QD415-436,Biochemistry,,
2,QD450-801,Physical and theoretical chemistry,,
3,QD625-655,Radiation chemistry,,
3,QD701-731,Photochemistry,,
2,QD901-999,Crystallography,,
1,QE1-996.5,Geology,,
2,QE1-350.62,General,Including geographical divisions,
2,QE351-399.2,Mineralogy,,
2,QE420-499,Petrology,,
2,QE500-639.5,Dynamic and structural geology,,
3,QE521-545,Volcanoes and earthquakes,,
3,QE601-613.5,Structural geology,,
2,QE640-699,Stratigraphy,,
2,QE701-760,Paleontology,,
2,QE760.8-899.2,Paleozoology,,
2,QE901-996.5,Paleobotany,,
1,QH1-278.5,Natural history (General),,
2,QH1-(199.5),General,"Including nature conservation, geographical distribution",
2,QH201-278.5,Microscopy,,
1,QH301-705.5,Biology (General),,
2,QH359-425,Evolution,,
2,QH426-470,Genetics,,
2,QH471-489,Reproduction,,
2,QH501-531,Life,,
2,QH540-549.5,Ecology,,
2,QH573-671,Cytology,,
2,QH705-705.5,Economic biology,,
1,QK1-989,Botany,,
2,QK1-474.5,General,Including geographical distribution,
2,QK474.8-495,Spermatophyta. Phanerogams,,
3,QK494-494.5,Gymnosperms,,
3,QK495,Angiosperms,,
2,QK504-(638),Cryptogams,,
2,QK640-(707),Plant anatomy,,
2,QK710-899,Plant physiology,,
2,QK900-989,Plant ecology,,
1,QL1-991,Zoology,,
2,QL1-355,General,Including geographical distribution,
2,QL360-599.82,Invertebrates,,
3,QL461-599.82,Insects,,
2,QL605-739.8,Chordates. Vertebrates,,
3,QL614-639.8,Fishes,,
3,QL640-669.3,Reptiles and amphibians,,
3,QL671-699,Birds,,
3,QL700-739.8,Mammals,,
2,QL750-795,Animal behavior,,
3,QL791-795,Stories and anecdotes,,
2,QL799-799.5,Morphology,,
2,QL801-950.9,Anatomy,,
2,QL951-991,Embryology,,
1,QM1-695,Human anatomy,,
2,QM1-511,General,,
2,QM531-549,Regional anatomy,,
2,QM550-577.8,Human and comparative histology,,
2,QM601-695,Human embryology,,
1,QP1-(981),Physiology,,
2,QP1-345,General,Including influence of the environment,
2,QP351-495,Neurophysiology and neuropsychology,,
2,QP501-801,Animal biochemistry,,
2,QP(901)-(981),Experimental pharmacology,,
1,QR1-502,Microbiology,,
2,QR1-74.5,General,,
2,QR75-99.5,Bacteria,,
2,QR99.6-99.8,Cyanobacteria,,
2,QR100-130,Microbial ecology,,
2,QR171,Microorganisms in the animal body,,
2,QR180-189.5,Immunology,,
2,QR355-502,Virology,,
0,R,MEDICINE,,
1,R5-920,Medicine (General),,
2,R5-130.5,General works,,
2,R131-687,History of medicine. Medical expeditions,,
2,R690-697,Medicine as a profession. Physicians,,
2,R702-703,"Medicine and the humanities. Medicine and disease in relation to history, literature, etc.",,
2,R711-713.97,Directories,,
2,R722-722.32,Missionary medicine. Medical missionaries,,
2,R723-726,Medical philosophy. Medical ethics,,
2,R726.5-726.8,Medicine and disease in relation to psychology. Terminal care. Dying,,
2,R727-727.5,Medical personnel and the public. Physician and the public,,
2,R728-733,Practice of medicine. Medical practice economics,,
2,R735-854,Medical education. Medical schools. Research,,
2,R855-855.5,Medical technology,,
2,R856-857,Biomedical engineering. Electronics. Instrumentation,,
2,R858-859.7,Computer applications to medicine. Medical informatics,,
2,R864,Medical records,,
2,R895-920,Medical physics. Medical radiology. Nuclear medicine,,
1,RA1-1270,Public aspects of medicine,,
2,RA1-418.5,Medicine and the state,,
3,RA396,Regulation of medical education. Licensure,,
3,RA398,"Registration of physicians, pharmacists, etc.",,
3,RA399,Regulation of medical practice. Evaluation and quality control of medical care. Medical audit,,
3,RA405,Death certification,,
3,RA407-409.5,Health status indicators. Medical statistics and surveys,,
3,RA410-410.9,Medical economics. Economics of medical care. Employment,,
3,RA411-415,Provisions for personal medical care. Medical care plans,,
3,RA418-418.5,Medicine and society. Social medicine. Medical sociology,,
2,RA421-790.95,Public health. Hygiene. Preventive medicine,,
3,RA428-428.5,"Public health laboratories, institutes, etc.",,
3,RA440-440.87,Study and teaching. Research,,
3,RA565-600,Environmental health,"Including sewage disposal, air pollution, nuisances, water supply",
3,RA601-602,Food and food supply in relation to public health,,
3,RA604-618,"Parks, public baths, public carriers, buildings, etc.",,
3,RA619-637,Disposal of the dead. Undertaking. Burial. Cremation. Cemeteries,,
3,RA638,Immunity and immunization in relation to public health,,
3,RA639-642,Transmission of disease,,
3,RA643-645,Disease (Communicable and noninfectious) and public health,,
3,RA645.3-645.37,Home health care services,,
3,RA645.5-645.9,Emergency medical services,,
3,RA646-648.3,War and public health,,
3,RA648.5-767,Epidemics. Epidemiology. Quarantine. Disinfection,,
3,RA771-771.7,Rural health and hygiene. Rural health services,,
3,RA773-788,Personal health and hygiene,"Including clothing, bathing, exercise, travel, nutrition, sleep, sex hygiene",
3,RA790-790.95,Mental health. Mental illness prevention,,
2,RA791-954,Medical geography. Climatology. Meteorology,,
2,RA960-1000.5,Medical centers. Hospitals. Dispensaries. Clinics,"Including ambulance service, nursing homes, hospices",
2,RA1001-1171,Forensic medicine. Medical jurisprudence. Legal medicine,,
2,RA1190-1270,Toxicology. Poisons,,
1,RB1-214,Pathology,,
2,RB1-17,General works,,
2,RB24-33,Pathological anatomy and histology,,
2,RB37-56.5,Clinical pathology. Laboratory technique,,
2,RB57,Post-mortem examination. Autopsies,,
2,RB127-150,Manifestations of disease,,
2,RB151-214,Theories of disease. Etiology. Pathogenesis,,
1,RC31-1245,Internal medicine,,
2,RC49-52,Psychosomatic medicine,,
2,RC71-78.7,Examination. Diagnosis,Including radiography,
2,RC81-82,Popular medicine,,
2,RC86-88.9,Medical emergencies. Critical care. Intensive care. First aid,,
2,RC91-103,Disease due to physical and chemical agents,,
2,RC109-216,Infectious and parasitic diseases,,
2,RC251,Constitutional diseases (General),,
2,RC254-282,Neoplasms. Tumors. Oncology,Including cancer and carcinogens,
2,RC306-320.5,Tuberculosis,,
2,RC321-571,Neurosciences. Biological psychiatry. Neuropsychiatry,,
3,RC346-429,Neurology. Diseases of the nervous system,Including speech disorders,
4,RC435-571,Psychiatry,,
5,RC475-489,Therapeutics. Psychotherapy,,
5,RC490-499,Hypnotism and hypnosis. Suggestion therapy,,
5,RC500-510,Psychoanalysis,,
5,RC512-569.5,Psychopathology,,
6,RC512-528,Psychoses,,
6,RC530-552,Neuroses,,
6,RC554-569.5,Personality disorders. Behavior problems,"Including sexual problems, drug abuse, suicide, child abuse",
5,RC569.7-571,Mental retardation. Developmental disabilities,,
2,RC581-951,Specialties of internal medicine,,
3,RC581-607,Immunologic diseases. Allergy,,
3,RC620-627,Nutritional diseases. Deficiency diseases,,
3,RC627.5-632,Metabolic diseases,,
3,RC633-647.5,Diseases of the blood and blood-forming organs,,
3,RC648-665,Diseases of the endocrine glands. Clinical endocrinology,,
3,RC666-701,Diseases of the circulatory (Cardiovascular) system,,
3,RC705-779,Diseases of the respiratory system,,
3,RC799-869,Diseases of the digestive system. Gastroenterology,,
3,RC870-923,Diseases of the genitourinary system. Urology,,
3,RC924-924.5,Diseases of the connective tissues,,
3,RC925-935,Diseases of the musculoskeletal system,,
2,RC952-1245,Special situations and conditions,,
3,RC952-954.6,Geriatrics,,
3,RC955-962,Arctic medicine. Tropical medicine,,
3,RC963-969,Industrial medicine. Industrial hygiene,,
3,RC970-986,Military medicine. Naval medicine,,
3,RC1000-1020,Submarine medicine,,
3,RC1030-1160,Transportation medicine,"Including automotive, aviation, and space medicine",
3,RC1200-1245,Sports medicine,,
1,RD1-811,Surgery,,
2,RD1-31.7,General works,,
2,RD32-33.9,Operative surgery. Technique of surgical operations,,
2,RD49-52,Surgical therapeutics. Preoperative and postoperative care,,
2,RD57,Surgical pathology,,
2,RD58,Reparative processes after operations (Physiological),,
2,RD59,Surgical shock. Traumatic shock,,
2,RD63-76,"Operating rooms and theaters. Instruments, apparatus, and appliances",,
2,RD78.3-87.3,Anesthesiology,,
2,RD91-91.5,Asepsis and antisepsis. Sterilization (Operative),,
2,RD92-97.8,Emergency surgery. Wounds and injuries,,
2,RD98-98.4,Surgical complications,,
2,RD99-99.35,Surgical nursing,,
2,RD101-104,Fractures (General),,
2,RD118-120.5,Plastic surgery. Reparative surgery,,
2,RD120.6-129.8,"Transplantation of organs, tissues, etc.",,
2,RD130,Prosthesis. Artificial organs,,
2,RD137-145,"Surgery in childhood, adolescence, pregnancy, old age",,
2,RD151-498,Military and naval surgery,,
2,RD520-599.5,"Surgery by region, system, or organ",,
2,RD651-678,Neoplasms. Tumors. Oncology,,
2,RD680-688,Diseases of the locomotor system (Surgical treatment),,
2,RD701-811,Orthopedic surgery,,
3,RD792-811,Physical rehabilitation,,
1,RE1-994,Ophthalmology,,
2,RE75-79,Examination. Diagnosis,,
2,RE80-87,Eye surgery,,
2,RE88,Ophthalmic nursing,,
2,RE89,Eye banks,,
2,RE91-912,Particular diseases of the eye,,
2,RE918-921,"Color vision tests, charts, etc.",,
2,RE925-939,Refraction and errors of refraction and accommodation,,
2,RE939.2-981,Optometry. Opticians. Eyeglasses,,
2,RE986-988,Artificial eyes and other prostheses,,
2,RE991-992,Ocular therapeutics,,
1,RF1-547,Otorhinolaryngology,,
2,RF110-320,Otology. Diseases of the ear,,
2,RF341-437,"Rhinology. Diseases of the nose, accessory sinuses, and nasopharynx",,
2,RF460-547,Laryngology. Diseases of the throat,,
1,RG1-991,Gynecology and obstetrics,,
2,RG104-104.7,Operative gynecology,,
2,RG133-137.6,Conception. Artificial insemination. Contraception,,
2,RG138,Sterilization of women,,
2,RG159-208,Functional and systemic disorders. Endocrine gynecology,,
2,RG211-483,Abnormalities and diseases of the female genital organs,,
2,RG484-485,Urogynecology and obstetric urology. Urogynecologic surgery,,
2,RG491-499,Diseases of the breast,,
2,RG500-991,Obstetrics,,
3,RG551-591,Pregnancy,,
3,RG600-650,The embryo and fetus,,
4,RG648,Spontaneous abortion. Miscarriage,,
3,RG651-721,Labor. Parturition,,
3,RG725-791,Obstetric operations. Operative obstetrics,,
3,RG801-871,Puerperal state,,
3,RG940-991,Maternal care. Prenatal care services,,
1,RJ1-570,Pediatrics,,
2,RJ47.3-47.4,Genetic aspects,,
2,RJ50-51,Examination. Diagnosis,,
2,RJ52-53,Therapeutics,,
2,RJ59-60,Infant and neonatal morbidity and mortality,,
2,RJ91,Supposed prenatal influence. Prenatal culture. Stirpiculture,,
2,RJ101-103,Child health. Child health services,,
2,RJ125-145,Physiology of children and adolescents,,
2,RJ206-235,Nutrition and feeding of children and adolescents,,
2,RJ240,Immunization of children (General),,
2,RJ242-243,Hospital care,,
2,RJ245-247,Nursing of children. Pediatric nursing,,
2,RJ250-250.3,Premature infants,,
2,RJ251-325,Newborn infants,"Including physiology, care, treatment, diseases",
2,RJ370-550,Diseases of children and adolescents,,
3,RJ499-507,Mental disorders. Child psychiatry,,
1,RK1-715,Dentistry,,
2,RK58-59.3,Practice of dentistry. Dental economics,,
2,RK60.7-60.8,Preventive dentistry,,
2,RK280,Oral and dental anatomy and physiology,,
2,RK301-493,Oral and dental medicine. Pathology. Diseases,,
2,RK501-519,Operative dentistry. Restorative dentistry,,
2,RK520-528,Orthodontics,,
2,RK529-535,Oral surgery,,
2,RK641-667,Prosthetic dentistry. Prosthodontics,,
1,RL1-803,Dermatology,,
2,RL87-94,Care and hygiene,,
2,RL95,Pathological anatomy,,
2,RL110-120,Therapeutics,,
2,RL130-169,"Diseases of the glands, hair, nails",,
2,RL201-331,"Hyperemias, inflammations, and infections of the skin",,
2,RL391-489,Atrophies. Hypertrophies,,
2,RL675,Chronic ulcer of the skin. Bedsores,,
2,RL701-751,Diseases due to psychosomatic and nerve disorders. Dermatoneuroses,,
2,RL760-785,Diseases due to parasites,,
2,RL790,Pigmentations. Albinism,,
2,RL793,Congenital disorders of the skin. Nevi. Moles,,
1,RM1-950,Therapeutics. Pharmacology,,
2,RM138,Drug prescribing,,
2,RM139,Prescription writing,,
2,RM146-146.7,Misuse of therapeutic drugs. Medication errors,,
2,RM147-180,Administration of drugs and other therapeutic agents,,
2,RM182-190,Other therapeutic procedures,"Including acupuncture, pneumatic aspiration, spinal puncture, pericardial puncture",
2,RM214-258,Diet therapy. Dietary cookbooks,,
2,RM259,Vitamin therapy,,
2,RM260-263,Chemotherapy,,
2,RM265-267,Antibiotic therapy. Antibiotics,,
2,RM270-282,Immunotherapy. Serotherapy,,
2,RM283-298,Endocrinotherapy. Organotherapy,,
2,RM300-666,Drugs and their actions,,
2,RM671-671.5,Nonprescription drugs. Patent medicines,,
2,RM695-893,Physical medicine. Physical therapy,"Including massage, exercise, occupational therapy, hydrotherapy, phototherapy, radiotherapy, thermotherapy, electrotherapy",
2,RM930-931,Rehabilitation therapy,,
2,RM950,Rehabilitation technology,,
1,RS1-441,Pharmacy and materia medica,,
2,RS125-131.9,Formularies. Collected prescriptions,,
2,RS139-141.9,Pharmacopoeias,,
2,RS151.2-151.9,Dispensatories,,
2,RS153-441,Materia medica,,
3,RS160-167,"Pharmacognosy. Pharmaceutical substances (Plant, animal, and inorganic)",,
3,RS189-190,Assay methods. Standardization. Analysis,,
3,RS192-199,Pharmaceutical technology,,
3,RS200-201,Pharmaceutical dosage forms,,
3,RS250-252,Commercial preparations. Patent medicines,,
3,RS355-356,Pharmaceutical supplies,,
3,RS400-431,Pharmaceutical chemistry,,
3,RS441,Microscopical examination of drugs,,
1,RT1-120,Nursing,,
2,RT89-120,Specialties in nursing,,
1,RV1-431,"Botanic, Thomsonian, and eclectic medicine",,
1,RX1-681,Homeopathy,,
2,RX211-581,"Diseases, treatment, etc.",,
2,RX601-675,Materia medica and therapeutics,,
1,RZ201-999,Other systems of medicine,,
2,RZ201-275,Chiropractic,,
2,RZ301-397.5,Osteopathy,,
2,RZ399,"Osteo-magnetics, neuropathy, etc., A-Z",,
2,RZ400-408,Mental healing,,
2,RZ409.7-999,Miscellaneous systems and treatments,"Including magnetotherapy, mesmerism, naturopathy, organomic medicine, phrenology, radiesthesia",
0,S,AGRICULTURE,,
1,S1-(972),Agriculture (General),,
2,S21-400.5,Documents and other collections,,
2,S403,"Agricultural missions, voyages, etc.",,
2,S419-482,History,,
2,S530-559,Agricultural education,,
3,S539.5-542.3,Research. Experimentation,,
3,S544-545.53,Agricultural extension work,,
3,S548-548.6,Historic farms,,
3,S550-559,Exhibitions. Fairs,,
2,S560-571.5,Farm economics. Farm management. Agricultural mathematics,"Including production standards, record keeping, farmwork rates, marketing",
2,S583-587.73,Agricultural chemistry. Agricultural chemicals,,
2,S588.4-589.6,Agricultural physics,Including radioisotopes in agriculture,
2,S589.7,Agricultural ecology (General),,
2,S589.75-589.76,Agriculture and the environment,,
2,S589.8-589.87,Plant growing media. Potting soils,,
2,S590-599.9,Soils. Soil science,"Including soil surveys, soil chemistry, soil structure, soil-plant relationships",
2,S600-600.7,Agricultural meteorology. Crops and climate,,
2,S602.5-604.37,Methods and systems of culture. Cropping systems,"Including fallowing, rotation of crops, plowing",
2,S604.5-604.64,Agricultural conservation,,
2,S604.8-621.5,"Melioration: Improvement, reclamation, fertilization, irrigation, etc., of lands",,
3,S605.5,Organic farming. Organiculture,,
3,S606-621.5,Special classes of lands and reclamation methods,"Including woodlands, burning of lands, deserts, saline environments, moors",
2,S622-627,Soil conservation and protection,,
2,S631-667,Fertilizers and improvement of the soil,,
2,S671-760.5,Farm machinery and farm engineering,,
2,S770-790.3,Agricultural structures. Farm buildings,,
2,S900-(972),Conservation of natural resources,Including land conservation,
1,SB1-1110,Plant culture,,
2,SB39,"Horticultural voyages, etc.",,
2,SB71-87,History,,
2,SB107-109,Economic botany,,
2,SB109.7-111,Methods for special areas,"Including cold regions, dry farming, tropical agriculture",
2,SB112,Irrigation farming,,
2,SB113.2-118.46,Seeds. Seed technology,,
2,SB118.48-118.75,Nurseries. Nursery industry,,
2,SB119-124,Propagation,"Including breeding, selection, grafting, air layering",
2,SB125,Training and pruning,,
2,SB126,Artificial light gardening,,
2,SB126.5-126.57,Hydroponics. Soilless agriculture,,
2,SB127,Forcing,,
2,SB128,Growth regulators,,
2,SB129-130,"Harvesting, curing, storage",,
2,SB169-172.5,Tree crops,,
2,SB175-177,Food crops,,
2,SB183-317,Field crops,"Including cereals, forage crops, grasses, legumes, root crops, sugar plants, textile plants, alkaloidal plants, medicinal plants",
2,SB317.5-319.864,Horticulture. Horticultural crops,,
2,SB320-353.5,Vegetables,,
2,SB354-402,Fruit and fruit culture,,
3,SB381-386,Berries and small fruits,,
3,SB387-399,Grape culture. Viticulture,,
3,SB401,Nuts,,
2,SB403-450.87,Flowers and flower culture. Ornamental plants,,
3,SB406.7-406.83,Plant propagation,,
3,SB409-413,Culture of individual plants,,
3,SB414,Forcing,,
3,SB414.6-417,Greenhouses and greenhouse culture,,
3,SB418-418.4,Container gardening,,
3,SB419-419.3,Indoor gardening and houseplants,,
3,SB419.5,Roof gardening. Balcony gardening,,
3,SB421-439.8,Classes of plants,"Including annuals, climbers, ferns, lawns, perennials, shrubs",
3,SB441-441.75,Flower shows. Exhibitions,,
3,SB442.5,Care and preparation of cut flowers and ornamental plants for market,,
3,SB442.8-443.4,Marketing. Cut flower industry. Florists,,
3,SB446-446.6,Horticultural service industry,,
3,SB447,"Preservation and reproduction of flowers, fruits, etc.",,
3,SB447.5,Bonkei. Tray landscapes,,
3,SB449-450.87,Flower arrangement and decoration,,
2,SB450.9-467.8,Gardens and gardening,,
2,SB469-(476.4),Landscape gardening. Landscape architecture,,
2,SB481-486,Parks and public reservations,"Including theory, management, history",
2,SB599-990.5,Pests and diseases,,
3,SB608,Individual or types of plants or trees,,
3,SB610-615,"Weeds, parasitic plants, etc.",,
3,SB617-618,Poisonous plants,,
3,SB621-795,Plant pathology,,
3,SB818-945,Economic entomology,,
3,SB950-990.5,Pest control and treatment of diseases. Plant protection,,
4,SB950.9-970.4,Pesticides,,
4,SB973-973.5,Soil disinfection,,
4,SB974-978,Organic plant protection. Biological control,,
4,SB979.5-985,Inspection. Quarantine,,
2,SB992-998,Economic zoology applied to crops. Agricultural zoology,Including animals injurious and beneficial to plants,
1,SD1-669.5,Forestry,,
2,SD11-115,Documents,,
2,SD119,"Voyages, etc.",,
2,SD131-247.5,History of forestry. Forest conditions,,
2,SD250-363.3,Forestry education,,
2,SD388,Forestry machinery and engineering,,
2,SD388.5,Tools and implements,,
2,SD389,Forest roads,,
2,SD390-390.43,Forest soils,,
2,SD390.5-390.7,Forest meteorology. Forest microclimatology,,
2,SD391-410.9,Sylviculture,,
2,SD411-428,Conservation and protection,"Including forest influences, damage by elements, fires, forest reserves",
2,SD430-(559),Exploitation and utilization,"Including timber trees, fuelwood, logging, transportation, valuation",
2,SD561-669.5,Administration. Policy,,
1,SF1-1100,Animal culture,,
2,SF41-55,History,,
2,SF84-84.64,Economic zoology,,
2,SF84.82-85.6,Rangelands. Range management. Grazing,,
2,SF87,Acclimatization,,
2,SF89,Transportation,,
2,SF91,Housing and environmental control,,
2,SF92,Equipment and supplies,,
2,SF94.5-99,Feeds and feeding. Animal nutrition,,
2,SF101-103.5,"Brands and branding, and other means of identifying",,
2,SF105-109,Breeding and breeds,,
2,SF111-113,"Cost, yield, and profit. Accounting",,
2,SF114-121,Exhibitions,,
2,SF170-180,Working animals,,
2,SF191-275,Cattle,,
3,SF221-250,Dairying,,
3,SF250.5-275,Dairy processing. Dairy products,,
2,SF277-360.4,Horses,,
3,SF294.2-297,Horse sports. Horse shows,,
3,SF304.5-307,Driving,,
3,SF308.5-310.5,Horsemanship. Riding,,
3,SF311-312,Draft horses,,
3,SF315-315.5,Ponies,,
3,SF321-359.7,Racing,,
3,SF360-360.4,Feral horses. Wild horses,,
2,SF361-361.73,Donkeys,,
2,SF362,Mules,,
2,SF371-379,Sheep. Wool,,
2,SF380-388,Goats,,
2,SF391-397.83,Swine,,
2,SF402-405,Fur-bearing animals,,
2,SF405.5-407,Laboratory animals,,
2,SF408-408.6,Zoo animals,,
2,SF409,Small animal culture,,
2,SF411-459,Pets,,
3,SF421-440.2,Dogs. Dog racing,,
3,SF441-450,Cats,,
3,SF451-455,Rabbits and hares,,
3,SF456-458.83,Fishes. Aquariums,,
3,SF459,Other animals,,
2,SF461-473,Birds. Cage birds,,
2,SF481-507,Poultry. Eggs,,
2,SF508-(510.6),Game birds,,
2,SF511-511.5,Ostrich,,
2,SF512-513,Ornamental birds,,
2,SF515-515.5,Reptiles,,
2,SF518,Insect rearing,,
2,SF521-539.8,Bee culture,,
2,SF541-560,Sericulture. Silk culture,,
2,SF561,Lac-insects,,
2,SF600-1100,Veterinary medicine,,
3,SF756.5-769.5,Special preclinical sciences,"Including veterinary genetics, ethology, anatomy, physiology, embryology, pathology",
3,SF780.2-780.7,"Veterinary microbiology, bacteriology, virology, mycology",,
3,SF780.9,Veterinary epidemiology. Epizootiology,,
3,SF781-809,Communicable diseases of animals (General),,
3,SF810,Veterinary parasitology,,
3,SF810.5-810.7,Predatory animals and their control,,
3,SF811-909,"Veterinary medicine of special organs, regions, and systems",,
3,SF910,Other diseases and conditions,,
3,SF910.5,Veterinary orthopedics,,
3,SF911-914.4,Veterinary surgery,,
4,SF914.3-914.4,Veterinary traumatology. Veterinary emergencies,,
3,SF914.5,Veterinary acupuncture,,
3,SF915-919.5,Veterinary pharmacology,,
3,SF925,Veterinary physical medicine,,
3,SF951-997.5,Diseases of special classes of animals,,
1,SH1-691,Aquaculture. Fisheries. Angling,,
2,SH20.3-191,Aquaculture,,
3,SH33-134.6,By region or country,,
3,SH138,Mariculture,,
3,SH151-179,Fish culture,,
4,SH171-179,Diseases and adverse factors,,
3,SH185-191,"Frogs, leeches, etc.",,
2,SH201-399,Fisheries,,
3,SH213-216.55,By oceans and seas,,
3,SH219-321,By region or country,,
3,SH327.5-327.7,Fishery resources. Fishery conservation,,
3,SH328-329,Fishery management. Fishery policy,,
3,SH334,Economic aspects. Finance,,
3,SH334.5-334.7,Fishery technology,,
3,SH334.9-336.5,Fishery processing,,
3,SH337,"Packing, transportation, and storage",,
3,SH337.5,Fishing port facilities,,
3,SH343.2-343.3,Fishery oceanography. Fishery meteorology,,
3,SH343.4,Fishery research vessels,,
3,SH343.5,Exploratory fishing,,
3,SH343.8,Navigation,,
3,SH343.9,Safety measures,,
3,SH344-344.8,Methods and gear. Catching of fish,,
3,SH346-351,Fishery for individual species,,
3,SH360-363,Seal fisheries. Fur sealing,,
3,SH364,Sea otter,,
3,SH365-380.92,Shellfish fisheries. Shellfish culture,,
3,SH381-385,Whaling,,
3,SH387,Porpoises. Dolphins,,
3,SH388.7-391.5,Algae culture,,
3,SH393,Seagrasses,,
3,SH396,Sponge fisheries,,
2,SH400-400.8,Seafood gathering,,
2,SH401-691,Angling,"Including tackle, casting, methods of angling, angling for special kinds of fish",
1,SK1-664,Hunting sports,,
2,SK37-39.5,Shooting,,
2,SK40-268,By country,,
2,SK281-293,Special methods and types of hunting,"Including bolos, game calling, tracking, trapping, dressing",
3,SK284-287,Fox hunting,,
3,SK291-292,Coursing,,
3,SK293,Ferreting,,
2,SK295-305,Big game,,
2,SK311-335,Bird hunting. Fowling,,
2,SK336,Varmint hunting (General),,
2,SK337,Predator hunting,,
2,SK341,Other game,,
2,SK351-579,Wildlife management. Game protection,Including annual reports of game commissioners,
2,SK590-593,Wild animal trade,,
2,SK650-664,Wildlife-related recreation,,
0,T,TECHNOLOGY,,
1,T1-995,Technology (General),,
2,T10.5-11.9,Communication of technical information,,
2,T11.95-12.5,Industrial directories,,
3,T55-55.3,Industrial safety. Industrial accident prevention,,
2,T55.4-60.8,Industrial engineering. Management engineering,,
3,T57-57.97,Applied mathematics. Quantitative methods,,
4,T57.6-57.97,Operations research. Systems analysis,,
3,T58.4,Managerial control systems,,
3,T58.5-58.64,Information technology,,
3,T58.6-58.62,Management information systems,,
3,T58.7-58.8,Production capacity. Manufacturing capacity,,
3,T59-59.2,Standardization,,
3,T59.5,Automation,,
3,T59.7-59.77,Human engineering in industry. Man-machine systems,,
3,T60-60.8,Work measurement. Methods engineering,,
2,T61-173,Technical education. Technical schools,,
2,T173.2-174.5,Technological change,,
2,T175-178,Industrial research. Research and development,,
2,T201-342,Patents. Trademarks,,
2,T351-385,Mechanical drawing. Engineering graphics,,
2,T391-995,Exhibitions. Trade shows. World's fairs,,
1,TA1-2040,Engineering (General). Civil engineering (General),,
2,TA164,Bioengineering,,
2,TA165,"Engineering instruments, meters, etc. Industrial instrumentation",,
2,TA166-167,Human engineering,,
2,TA168,Systems engineering,,
2,TA170-171,Environmental engineering,,
2,TA174,Engineering design,,
2,TA177.4-185,Engineering economy,,
2,TA190-194,Management of engineering works,,
2,TA197-198,Engineering meteorology,,
2,TA213-215,"Engineering machinery, tools, and implements",,
2,TA329-348,Engineering mathematics. Engineering analysis,,
2,TA349-359,Mechanics of engineering. Applied mechanics,,
2,TA365-367,Acoustics in engineering. Acoustical engineering,,
2,TA401-492,Materials of engineering and construction. Mechanics of materials,,
2,TA495,Disasters and engineering,,
2,TA501-625,Surveying,,
2,TA630-695,Structural engineering (General),,
2,TA703-712,Engineering geology. Rock mechanics. Soil mechanics. Underground construction,,
2,TA715-787,Earthwork. Foundations,,
2,TA800-820,Tunneling. Tunnels,,
2,TA1001-1280,Transportation engineering,,
2,TA1501-1820,Applied optics. Photonics,,
2,TA2001-2040,Plasma engineering. Applied plasma dynamics,,
1,TC1-978,Hydraulic engineering,,
2,TC160-181,Technical hydraulics,,
2,TC183-201,General preliminary operations. Dredging. Submarine building,,
2,TC203-380,Harbors and coast protective works. Coastal engineering. Lighthouses,,
2,TC401-506,"River, lake, and water-supply engineering (General)",,
2,TC530-537,River protective works. Regulation. Flood control,,
2,TC540-558,Dams. Barrages,,
2,TC601-791,Canals and inland navigation. Waterways,,
2,TC801-978,Irrigation engineering. Reclamation of wasteland. Drainage,,
1,TC1501-1800,Ocean engineering,,
1,TD1-1066,Environmental technology. Sanitary engineering,,
2,TD159-168,Municipal engineering,,
2,TD169-171.8,Environmental protection,,
2,TD172-193.5,Environmental pollution,,
2,TD194-195,Environmental effects of industries and plants,,
2,TD201-500,Water supply for domestic and industrial purposes,,
3,TD419-428,Water pollution,,
1,TD429.5-480.7,Water purification. Water treatment and conditioning. Saline water conversion,,
3,TD481-493,Water distribution systems,,
2,TD511-780,Sewage collection and disposal systems. Sewerage,,
2,TD783-812.5,Municipal refuse. Solid wastes,,
2,TD813-870,Street cleaning. Litter and its removal,,
2,TD878-894,Special types of environment,"Including soil pollution, air pollution, noise pollution",
2,TD895-899,Industrial and factory sanitation,,
3,TD896-899,Industrial and factory wastes,,
2,TD920-934,Rural and farm sanitary engineering,,
2,TD940-949,Low temperature sanitary engineering,,
2,TD1020-1066,Hazardous substances and their disposal,,
1,TE1-450,Highway engineering. Roads and pavements,,
2,TE175-176.5,Highway design. Interchanges and intersections,,
2,TE177-178.8,Roadside development. Landscaping,,
2,TE200-205,Materials for roadmaking,,
2,TE206-209.5,Location engineering,,
2,TE210-228.3,Construction details,"Including foundations, maintenance, equipment",
2,TE250-278.8,Pavements and paved roads,,
2,TE279,Streets,,
2,TE279.5-298,Pedestrian facilities,,
3,TE280-295,Sidewalks. Footpaths. Flagging,,
3,TE298,Curbs. Curbstones,,
1,TF1-1620,Railroad engineering and operation,,
2,TF200-320,Railway construction,,
2,TF340-499,Railway equipment and supplies,,
2,TF501-668,Railway operation and management,,
2,TF670-851,Local and light railways,,
3,TF840-851,Elevated railways and subways,,
2,TF855-1127,Electric railways,,
2,TF1300-1620,High speed ground transporation,,
1,TG1-470,Bridge engineering,,
1,TH1-9745,Building construction,,
2,TH845-895,Architectural engineering. Structural engineering of buildings,,
2,TH900-915,Construction equipment in building,,
2,TH1000-1725,Systems of building construction,"Including fireproof construction, concrete construction",
2,TH2025-3000,Details in building design and construction,"Including walls, roofs",
2,TH3301-3411,Maintenance and repair,,
2,TH4021-4977,Buildings: Construction with reference to use,"Including public buildings, dwellings",
2,TH5011-5701,Construction by phase of the work (Building trades),,
2,TH6014-6081,Environmental engineering of buildings. Sanitary engineering of buildings,,
2,TH6101-6887,Plumbing and pipefitting,,
2,TH7005-7699,Heating and ventilation. Air conditioning,,
2,TH7700-7975,Illumination. Lighting,,
2,TH8001-8581,Decoration and decorative furnishings,,
2,TH9025-9745,Protection of buildings,"Including protection from dampness, fire, burglary",
1,TJ1-1570,Mechanical engineering and machinery,,
2,TJ163.13-163.25,Power resources,,
2,TJ163.26-163.5,Energy conservation,,
2,TJ170-179,Mechanics applied to machinery. Dynamics,,
2,TJ181-210,Mechanical movements,,
2,TJ210.2-211.47,Mechanical devices and figures. Automata. Ingenious mechanisms. Robots (General),,
2,TJ212-225,Control engineering systems. Automatic machinery (General),,
2,TJ227-240,Machine design and drawing,,
2,TJ241-254.7,Machine construction (General),,
2,TJ255-265,Heat engines,,
2,TJ266-267.5,Turbines. Turbomachines (General),,
2,TJ268-740,Steam engineering,,
3,TJ603-695,Locomotives,,
2,TJ751-805,Miscellaneous motors and engines,"Including gas, gasoline, diesel engines",
2,TJ807-830,Renewable energy sources,,
2,TJ836-927,Hydraulic machinery,,
2,TJ940-940.5,Vacuum technology,,
2,TJ950-1030,Pneumatic machinery,,
2,TJ1040-1119,Machinery exclusive of prime movers,,
2,TJ1125-1345,Machine shops and machine shop practice,,
2,TJ1350-1418,Hoisting and conveying machinery,,
2,TJ1425-1475,Lifting and pressing machinery,,
2,TJ1480-1496,Agricultural machinery. Farm machinery,,
2,TJ1501-1519,Sewing machines,,
1,TK1-9971,Electrical engineering. Electronics. Nuclear engineering,,
2,TK301-399,Electric meters,,
2,TK452-454.4,Electric apparatus and materials. Electric circuits. Electric networks,,
2,TK1001-1841,Production of electric energy or power. Powerplants. Central stations,,
2,TK2000-2891,Dynamoelectric machinery and auxiliaries,"Including generators, motors, transformers",
2,TK2896-2985,Production of electricity by direct energy conversion,,
2,TK3001-3521,Distribution or transmission of electric power,,
2,TK4001-4102,Applications of electric power,,
2,TK4125-4399,Electric lighting,,
2,TK4601-4661,Electric heating,,
2,TK5101-6720,Telecommunication,"Including telegraphy, telephone, radio, radar, television",
2,TK7800-8360,Electronics,,
3,TK7885-7895,Computer engineering. Computer hardware,,
3,TK8300-8360,Photoelectronic devices (General),,
2,TK9001-9401,Nuclear engineering. Atomic power,,
2,TK9900-9971,Electricity for amateurs. Amateur constructors' manuals,,
1,TL1-4050,Motor vehicles. Aeronautics. Astronautics,,
2,TL1-484,Motor vehicles. Cycles,,
2,TL500-777,Aeronautics. Aeronautical engineering,,
2,TL780-785.8,Rocket propulsion. Rockets,,
2,TL787-4050,Astronautics. Space travel,,
1,TN1-997,Mining engineering. Metallurgy,,
2,TN263-271,Mineral deposits. Metallic ore deposits. Prospecting,,
2,TN275-325,Practical mining operations. Safety measures,,
2,TN331-347,"Mine transportation, haulage and hoisting. Mining machinery",,
2,TN400-580,Ore deposits and mining of particular metals,,
2,TN600-799,Metallurgy,,
2,TN799.5-948,Nonmetallic minerals,,
2,TN950-997,Building and ornamental stones,,
1,TP1-1185,Chemical technology,,
2,TP155-156,Chemical engineering,,
2,TP200-248,"Chemicals: Manufacture, use, etc.",,
2,TP248.13-248.65,Biotechnology,,
2,TP250-261,Industrial electrochemistry,,
2,TP267.5-301,Explosives and pyrotechnics,,
2,TP315-360,Fuel,,
2,TP368-456,Food processing and manufacture,,
2,TP480-498,Low temperature engineering. Cryogenic engineering. Refrigeration,,
2,TP500-660,Fermentation industries. Beverages. Alcohol,,
2,TP670-699,"Oils, fats, and waxes",,
3,TP690-692.5,Petroleum refining. Petroleum products,,
2,TP700-746,Illuminating industries (Nonelectric),,
2,TP751-762,Gas industry,,
2,TP785-869,Clay industries. Ceramics. Glass,,
2,TP875-888,Cement industries,,
2,TP890-933,"Textile bleaching, dyeing, printing, etc.",,
2,TP934-945,"Paints, pigments, varnishes, etc.",,
2,TP1080-1185,Polymers and polymer manufacture,,
1,TR1-1050,Photography,,
2,TR250-265,Cameras,,
2,TR287-500,Photographic processing. Darkroom technique,,
2,TR504-508,Transparencies. Diapositives,,
2,TR510-545,Color photography,,
2,TR550-581,Studio and laboratory,,
2,TR590-620,Lighting,,
2,TR624-835,Applied photography,"Including artistic, commercial, medical photography, photocopying processes",
2,TR845-899,Cinematography. Motion pictures,,
2,TR925-1050,Photomechanical processes,,
1,TS1-2301,Manufactures,,
2,TS155-194,Production management. Operations management,,
2,TS195-198.8,Packaging,,
2,TS200-770,Metal manufactures. Metalworking,,
2,TS780-788,Stonework,,
2,TS800-937,Wood technology. Lumber,,
3,TS840-915,Wood products. Furniture,,
3,TS920-937,Chemical processing of wood,,
2,TS940-1047,Leather industries. Tanning,,
2,TS1060-1070,Furs,,
2,TS1080-1268,Paper manufacture and trade,,
2,TS1300-1865,Textile industries,,
2,TS1870-1935,Rubber industry,,
2,TS1950-1982,Animal products,,
2,TS2120-2159,Cereals and grain. Milling industry,,
2,TS2220-2283,Tobacco industry,,
2,TS2284-2288,Animal feeds and feed mills. Pet food industry,,
1,TT1-999,Handicrafts. Arts and crafts,,
2,TT161-170.7,Manual training. School shops,,
2,TT174-176,Articles for children,,
2,TT180-200,Woodworking. Furniture making. Upholstering,,
2,TT201-203,Lathework. Turning,,
2,TT205-267,Metalworking,,
2,TT300-382.8,Painting. Wood finishing,,
2,TT387-410,Soft home furnishings,,
2,TT490-695,Clothing manufacture. Dressmaking. Tailoring,,
2,TT697-927,Home arts. Homecrafts,"Including sewing, embroidery, decorative crafts",
2,TT950-979,Hairdressing. Beauty culture. Barbers' work,,
2,TT980-999,Laundry work,,
1,TX1-1110,Home economics,,
2,TX301-339,The house,"Including arrangement, care, servants",
2,TX341-641,Nutrition. Foods and food supply,,
2,TX642-840,Cooking,,
2,TX851-885,Dining-room service,,
2,TX901-946.5,"Hospitality industry. Hotels, clubs, restaurants, etc. Food service",,
2,TX950-953,"Taverns, barrooms, saloons",,
2,TX955-985,Building operation and housekeeping,,
2,TX1100-1105,Mobile home living,,
2,TX1110,Recreational vehicle living,,
0,U,MILITARY SCIENCE,,
1,U1-900,Military science (General),,
2,U21-22.3,War. Philosophy. Military sociology,,
2,U27-43,History of military science,,
2,U45,Historiography,,
2,U56-59,Army clubs,,
2,U150-155,Military planning,,
2,U161-163,Strategy,,
2,U164-167.5,Tactics,,
2,U168,Logistics,,
1,U250-255,Maneuvers (combined arms),,
2,U260,Joint operations. Combined operations,,
2,U261,Amphibious warfare,,
2,U262,Commando tactics,,
2,U263-264.5,Atomic warfare. Atomic weapons,,
1,U300-305,Artillery and rifle ranges,,
2,U310-310.2,War games,,
1,U320-325,Physical training of soldiers,,
1,U400-714,Military education and training,,
1,U750-773,"Military life, manners and customs, antiquities, etc.",,
1,U799-897,History of arms and armor,,
1,UA10-997,"Armies: Organization, distribution, military situation",,
2,UA21-885,By region or country,,
1,UA910-915,Mobilization,,
1,UA920-925,Plans for attack and defense,,
1,UA926-929,Civil defense,,
2,UA929.5-929.95,War damage in industry. Industrial defense,,
1,UA940-945,Military communication,,
1,UA950-979,Routes of travel. Distances,,
1,UA985-997,Military geography,,
1,UB1-900,Military administration,,
2,UB160-165,"Records, returns, muster rolls, etc.",,
1,UB170-175,Adjutant generals' offices,,
1,UB180-197,Civilian personnel departments,,
1,UB250-271,Intelligence,,
1,UB273-274,Sabotage,,
1,UB275-277,Psychological warfare. Propaganda,,
2,UB320-338,"Enlistment, recruiting, etc.",,
1,UB340-345,Compulsory service. Conscription and exemption,,
2,UB356-369.5,Provision for veterans,,
1,UB370-375,"Military pensions, etc.",,
1,UB380-385,Soldiers' and sailors' homes,,
1,UB407-409,Warrant officers. Noncommissioned officers,,
1,UB410-415,Officers,,
1,UB416-419,"Minorities, women, etc. in armed forces",,
1,UB420-425,Furloughs,,
2,UB440-449.5,Retired military personnel,,
1,UC10-780,Maintenance and transportation,,
2,UC20-258,Organization of the service. By region or country,,
2,UC260-267,Supplies and stores,,
1,UC270-360,Transportation,,
1,UC400-440,Barracks. Quarters. Camps,,
1,UC460-535,Clothing and equipment,,
1,UC540-585,Equipage. Field kits,,
1,UC600-695,Horses. Mules. Remount service,,
1,UC700-780,Subsistence,,
1,UD1-495,Infantry,,
2,UD157-302,Tactics. Maneuvers. Drill regulations,,
1,UD320-325,Manual of arms,,
1,UD330-335,Firing. Military sharpshooting,,
1,UD340-345,Bayonet drill,,
1,UD380-425,"Small arms. Swords, etc.",,
1,UD450-455,Mounted infantry,,
1,UD460-464,Mountain troops,,
1,UD470-475,Ski troops,,
1,UD480-485,Airborne troops. Parachute troops,,
1,UD490-495,Airmobile operations,,
1,UE1-500,Cavalry. Armor,"Including horse cavalry, armored cavalry, mechanized cavalry",
2,UE144-145,Horse cavalry,,
2,UE147,Armored cavalry,,
1,UE157-302,Tactics. Maneuvers. Drill regulations,,
1,UE420-425,Cavalry sword exercises,,
1,UE460-475,Horses,,
1,UF1-910,Artillery,,
2,UF157-302,Tactics. Maneuvers. Drill regulations,,
1,UF400-405,Field artillery,,
1,UF450-455,Seacoast artillery,,
1,UF460-465,Siege artillery,,
1,UF470-475,Howitzer artillery. Mortar batteries,,
1,UF480-485,Garrison artillery,,
1,UF500-515,Weapons systems,,
1,UF520-537,Ordnance and small arms,,
1,UF540-545,"Arsenals, magazines, armories, etc.",,
1,UF560-780,Ordnance material (Ordnance proper),,
1,UF820-830,Ballistics. Velocities and motions of projectiles,,
1,UF848-856,"Artillery instruments. Fire control, etc.",,
1,UG1-620,Military engineering,,
2,UG160-302,Tactics and regulations,,
2,UG335,Bridges,,
2,UG340,Tunnels,,
1,UG360-390,Field engineering,,
1,UG400-442,Fortification,,
1,UG443-449,Attack and defense. Siege warfare,,
1,UG470-474,"Military surveying, topography, and mapping",,
2,UG490,"Land mines, etc.",,
1,UG500-565,Technical troops and other special corps,,
1,UG570-582,Military signaling,,
2,UG590-613.5,Military telegraphy and telephony,,
2,UG614-614.5,Military electric lighting,,
1,UG615-620,Military motor vehicles,,
1,UG622-1435,Air forces. Air warfare,,
2,UG633-635,By region or country,,
1,UG637-639,Education and training,,
1,UG640-645,Military aeronautical research,,
1,UG700-705,Tactics,,
1,UG730-735,Air defenses,,
1,UG760-765,Aerial reconnaissance,,
1,UG770-1045,Organization. Personnel management,,
2,UG1097,Air bases,,
2,UG1100-1435,Equipment and supplies,,
1,UG1500-1530,Military astronautics. Space warfare. Space surveillance,,
2,UG1523-1525,By region or country,,
1,UH20-910,Other services,,
2,UH20-25,Chaplains,,
1,UH201-515,Medical and sanitary services,,
2,UH520-(560),Care of sick and wounded. Relief societies,,
2,UH600-629.5,Military hygiene and sanitation,,
1,UH700-705,Public relations. Press. War correspondents,,
2,UH750-769,Military social work. Social welfare services,,
1,UH800-910,Recreation and information services,,
0,V,NAVAL SCIENCE,,
1,V1-995,Naval science (General),,
2,V25-55,History and antiquities of naval science,,
2,V66-69,Navy clubs,,
1,V160-165,Strategy,,
1,V167-178,Tactics,,
2,V200,Coast defense,,
2,V210-214.5,Submarine warfare,,
1,V390-395,Naval research,,
2,V396-396.5,Military oceanography,,
2,V399,Automation in the naval sciences,,
1,V400-695,Naval education,,
1,V720-743,"Naval life, manners and customs, antiquities, etc.",,
1,V750-995,"War vessels: Construction, armament, etc.",,
1,VA10-750,"Navies: Organization, distribution, naval situation",,
2,VA49-395,United States,,
1,VA400-750,Other regions or countries,,
1,VB15-(955),Naval administration,,
2,VB21-124,By region or country,,
1,VB170-187,Civil department,,
1,VB260-275,Enlisted personnel,,
1,VB307-309,Warrant officers,,
1,VB310-315,Officers,,
1,VB320-325,"Minorities, women, etc. in navies",,
1,VC10-580,Naval maintenance,,
2,VC20-258,Organization of service,,
1,VC260-268,Supplies and stores,,
1,VC270-279,"Equipment of vessels, supplies, allowances, etc.",,
1,VC280-345,Clothing and equipment,,
1,VC350-410,Subsistence. Provisioning,,
1,VC412-425,Navy yards and stations. Shore facilities,,
1,VD7-430,Naval seamen,,
2,VD21-124,By region or country,,
1,VD160-302,Drill regulations,,
1,VD330-335,Shooting,,
1,VD360-390,Small arms,,
1,VD400-405,Small boat service,,
1,VE7-500,Marines,,
2,VE23-124,By region or country,,
1,VE160-302,Drill regulations,,
1,VE330-335,Shooting,,
1,VE360-390,Small arms,,
1,VE420-425,"Barracks, quarters, etc.",,
1,VE430-435,Training camps,,
1,VF1-580,Naval ordnance,,
2,VF21-124,By region or country,,
1,VF160-302,Ordnance instructions and drill books,,
1,VF310-315,Target practice,,
1,VF346-348,Naval weapons systems,,
1,VF350-375,Ordnance and arms (General),,
1,VF390-510,Ordnance material (Ordnance proper),,
1,VG20-2029,Minor services of navies,,
2,VG20-25,Chaplains,,
2,VG50-55,Coast guard and coast signal service,,
2,VG70-85,"Naval communication by telegraphy, telephone, etc.",,
2,VG90-95,Naval aviation,,
1,VG100-475,Medical service,,
1,VG500-505,Public relations. Press. War correspondents,,
2,VG2000-2005,Social work. Social welfare services,,
2,VG2020-2029,Recreation and information service,,
1,VK1-1661,Navigation. Merchant marine,,
2,VK15-124,"History, conditions, etc.",,
2,VK321-369.8,Harbors. Ports,,
1,VK381-397,Signaling,,
1,VK401-529,Study and teaching,,
1,VK549-572,Science of navigation,,
1,VK573-587,Nautical instruments,,
1,VK588-597,Marine hydrography. Hydrographic surveying,,
1,VK600-794,Tide and current tables,,
1,VK798-997,Sailing directions. Pilot guides,,
2,VK1000-1249,Lighthouse service,,
2,VK1250-1299,Shipwrecks and fires,,
2,VK1299.5-1299.6,Icebreaking operations,,
2,VK1300-1491,Saving of life and property,,
2,VK1500-1661,Pilots and pilotage,,
1,VM1-989,Naval architecture. Shipbuilding. Marine engineering,,
2,VM15-124,History,,
2,VM165-276,Study and teaching,,
2,VM295-296,Contracts and specifications,,
2,VM298.5-301,Shipbuilding industry. Shipyards,,
2,VM311-466,Special types of vessels,,
2,VM595-989,Marine engineering,,
3,VM975-989,Diving,,
0,Z,BIBLIOGRAPHY. LIBRARY SCIENCE. INFORMATION RESOURCES (GENERAL),,
1,Z4-115.5,Books (General). Writing. Paleography,,
2,Z4-8,History of books and bookmaking,,
2,Z40-104.5,Writing,,
3,Z41-42.5,Autographs. Signatures,,
3,Z43-45,Calligraphy. Penmanship,,
3,Z48,Duplicating processes. Copying services,"Including mimeographing, multilithing",
3,Z49-51.5,Typewriters. Typewriting. Keyboards. Keyboarding,,
3,Z52-52.5,Word processing,,
3,Z53-102,Shorthand. Stenography. Phonography,,
2,Z102.5-104.5,Cryptography. Ciphers. Invisible writing,,
2,Z105-115.5,Manuscripts. Paleography,,
1,Z116-659,Book industries and trade,,
2,Z116.A2,Treatises on the modern printed book,,
2,Z116.A3,Book design,,
2,Z116.A5-265.5,Printing,,
3,Z124-228,History,,
3,Z231-234,Printers and printing establishments,,
4,Z234,Medallic history of printing. Tokens,,
3,Z235-236,"Printer's marks, mottoes, etc.",,
3,Z237,"Paper. Watermarks, etc.",,
3,Z240-241.5,Incunabula. Block books,"Including broadsides, playing cards",
3,Z242.9-264.5,Practical printing,"Including printing as a business, layout, paper and ink, machinery, type and type founding, electrotyping, desktop publishing, typesetting, presswork",
3,Z265-265.5,"Representation or reproduction of books, documents, etc., by photography, microphotography, or other means",,
2,Z266-276,Bookbinding. Book decoration,,
2,Z278-549,Bookselling and publishing,,
2,Z551-656,Copyright,,
2,Z657-659,Freedom of the press. Censorship,,
1,Z662-1000.5,Libraries,,
2,Z662-664,Collections,,
2,Z665-718.8,Library science. Information science,,
3,Z668-669.7,Library education. Research,,
3,Z672-Z672.13,Library cooperation and coordination,,
3,Z674.7-674.83,Library information networks,,
3,Z675,Classes of libraries,,
3,Z678-678.88,Library administration and organization. Constitution,,
3,Z678.89-678.892,Library service agencies,,
3,Z678.9-Z678.93,Automation,,
3,Z679-680,Library buildings. Library architecture,"Including planning, space utilization, security, safety, lighting, etc.",
3,Z680.3-680.6,Library communication systems,,
3,Z681-681.3,Reproduction of library materials. Storage media of library materials,,
3,Z681.5-681.7,"Trustees. Library boards, committees, etc.",,
3,Z682-682.4,Personnel,,
3,Z683-683.5,Finance. Insurance,,
3,Z684-685,Supplies. Shelving. Bookstacks,,
3,Z686,Branches. Delivery stations. Bookmobiles,,
3,Z687-718.85,The collections. The books,,
4,Z688,Special collections,,
4,Z688.5-Z688.6,Processing,,
4,Z689-689.8,"Acquisition (selection, purchase, gifts, duplicates)",,
4,Z690,Exchanges,,
4,Z691-692,Special classes of materials,"Including manuscripts, maps, microforms, serials",
4,Z693-695.83,Cataloging,,
4,Z695.85,Library handwriting,,
4,Z695.87,Printing of catalogs,,
4,Z695.9-695.94,Indexing. Abstracting,,
4,Z695.95,Alphabetizing. Filing,,
4,Z695.98,Recataloging. Reclassification,,
4,Z696-697,Classification and notation,,
4,Z698,Shelflisting. Author notation,,
4,Z699-699.5,Machine methods of information and retrieval. Mechanized bibliographic control,,
4,Z699.7,Physical processing. Shelf preparation,,
4,Z700,Bookbinding,,
4,Z700.9-701.5,"Physical parameters, preservation, conservation and restoration of books and other library materials",,
4,Z702,Thefts and losses of books and other library materials,,
4,Z703.5,"Stack management. Disposition of books on shelves, etc.",,
4,Z703.6,Discarding. Weeding,,
3,Z711-711.95,Public services. Reference services,,
3,Z712-714,Circulation. Loans. Charging systems,,
3,Z716-716.15,Library extension. Library commissions. Traveling libraries,,
3,Z716.2-718.85,Libraries in relation to special topics,"Including libraries and community, libraries and television, children's libraries, libraries and students",
2,Z719-723,Libraries (General),,
2,Z729-875,Library reports. History. Statistics,,
2,Z881-977,Library catalogs and bulletins,,
2,Z987-996.3,Book collecting,"Including bibliophilism, bookplates",
2,Z997-997.2,Private libraries,,
2,Z999-1000.5,Booksellers' catalogs,,
1,Z1001-1121,General bibliography,,
2,Z1001,"Introduction to bibliography. Theory, philosophy, psychology. Bibliography. Documentation",,
2,Z1003-1003.5,Choice of books. Books and reading. Book reviews,,
2,Z1003.8-Z1004,Biography of bibliographers,,
2,Z1011-1017,General bibliographies,,
2,Z1019-1033,Special classes of books,"Including prohibited books, rare books, paperbacks, reprints",
2,Z1035-1035.9,Best books,,
2,Z1036,Booksellers' general catalogs of modern books,,
2,Z1037-1039,"Books for special classes of persons, institutions, etc.",,
2,Z1041-1107,Anonyms and pseudonyms,,
1,Z1201-4980,National bibliography,,
2,Z1201-1946,America,,
3,Z1215-1363,United States,,
3,Z1365-1401,Canada. British North America,,
3,Z1411-1939,Mexico. Central America. West Indies. South America,,
2,Z1975,Eastern Hemisphere,,
2,Z2000-2959,Europe,,
2,Z3001-3496,Asia,,
2,Z3501-3975,Africa,,
2,Z4001-4980,Australia. Oceania,,
1,Z5051-7999,Subject bibliography,Subjects arranged in alphabetical sequence,
1,Z8001-8999,Personal bibliography,Names of individuals arranged in alphabetical sequence,
1,ZA3038-5190,Information resources (General),,
2,ZA3150-3159,Information services. Information centers,,
2,ZA3201-3250,Information superhighway,,
2,ZA4050-4775,Information in specific formats or media,,
3,ZA4050-4480,Electronic information resources,,
4,ZA4150-4380,Computer network resources,,
4,ZA4450-4460,Databases,,
3,ZA4550-4575,Motion pictures. Video recordings,,
3,ZA4650-4675,Pictures. Photographs,,
3,ZA4750-4775,Sound recordings,,
2,ZA5049-5190,Government information,,
